# Created by Octave 5.2.0, Tue Jun 14 15:11:21 2022 CDT <mark@vibegroove3>
# name: L
# type: scalar
-56.375206976488599


# name: LEG
# type: scalar
-33.296031617887301


# name: LL
# type: cell
# rows: 1
# columns: 4
# name: <cell-element>
# type: string
# elements: 1
# length: 5
data1



# name: <cell-element>
# type: string
# elements: 1
# length: 5
data2



# name: <cell-element>
# type: string
# elements: 1
# length: 5
data3



# name: <cell-element>
# type: string
# elements: 1
# length: 5
data4





# name: LO
# type: matrix
# rows: 1
# columns: 8
 -61.039280343782494 -65.72095234285996 -62.437637596653012 -66.284293403250956 -63.931835055848659 -67.738534314679669 -64.930809794957369 -68.639978816434748


# name: LP
# type: matrix
# rows: 1
# columns: 4
 -52.902208073110224 -53.850919786444436 -54.266665749593329 -55.539760340685135


# name: T_tk
# type: scalar
-25.400944394338435


# name: T_vk
# type: scalar
-24.16597416663264


# name: Tx_tk
# type: scalar
-26.919026473574792


# name: Tx_vk
# type: scalar
-26.12979044712624


# name: Ty_tk
# type: scalar
-27.069755276632609


# name: Ty_vk
# type: scalar
-27.108808802390094


# name: a_tk
# type: scalar
-24.156679089573828


# name: a_vk
# type: scalar
-49.348892935389237


# name: ans
# type: scalar
1.1111111111111112


# name: ch
# type: matrix
# rows: 2
# columns: 1
 -125.2400623726472
 -101.12607533944488


# name: f_tk
# type: scalar
1


# name: f_vk
# type: scalar
1


# name: hg1
# type: scalar
-108.74977088219032


# name: hg2
# type: scalar
-106.6844450166987


# name: i
# type: scalar
4


# name: k
# type: matrix
# rows: 1
# columns: 11
 0 1 2 3 4 5 6 7 8 9 10


# name: k_tk
# type: matrix
# rows: 1
# columns: 11
 0.10000000000000001 1 2 3 4 5 6 7 8 9 10


# name: l
# type: scalar
-125.2400623726472


# name: leg
# type: scalar
-125.2400623726472


# name: leg_n
# type: cell
# rows: 1
# columns: 4
# name: <cell-element>
# type: sq_string
# elements: 1
# length: 4
 0^o



# name: <cell-element>
# type: sq_string
# elements: 1
# length: 4
15^o



# name: <cell-element>
# type: sq_string
# elements: 1
# length: 4
30^o



# name: <cell-element>
# type: sq_string
# elements: 1
# length: 4
45^o





# name: leg_n2
# type: cell
# rows: 1
# columns: 4
# name: <cell-element>
# type: sq_string
# elements: 1
# length: 1
0



# name: <cell-element>
# type: sq_string
# elements: 1
# length: 2
15



# name: <cell-element>
# type: sq_string
# elements: 1
# length: 2
30



# name: <cell-element>
# type: sq_string
# elements: 1
# length: 2
45





# name: leg_n3
# type: cell
# rows: 1
# columns: 4
# name: <cell-element>
# type: string
# elements: 1
# length: 14
\phi =  0 ^{o}



# name: <cell-element>
# type: string
# elements: 1
# length: 14
\phi = 15 ^{o}



# name: <cell-element>
# type: string
# elements: 1
# length: 14
\phi = 30 ^{o}



# name: <cell-element>
# type: string
# elements: 1
# length: 14
\phi = 45 ^{o}





# name: leg_p
# type: matrix
# rows: 1
# columns: 4
 -29.218256905573302 -30.512932394392354 -31.839112234376785 -32.612639832490757


# name: ll
# type: scalar
-125.2400623726472


# name: llh
# type: matrix
# rows: 0
# columns: 0


# name: lll
# type: cell
# rows: 0
# columns: 0


# name: llo
# type: matrix
# rows: 0
# columns: 0


# name: lpos0
# type: matrix
# rows: 1
# columns: 4
 0.8438243335611757 0.78286640983513678 0.055396065922381714 0.13063660226993748


# name: lpos1
# type: matrix
# rows: 1
# columns: 4
 0.59067703349282297 0.62629312786810942 0.193886230728336 0.26127320453987496


# name: p_tk
# type: scalar
-29.218256905573302


# name: p_tk_15
# type: scalar
-30.512932394392354


# name: p_tk_30
# type: scalar
-31.839112234376785


# name: p_tk_45
# type: scalar
-32.612639832490757


# name: p_vk
# type: scalar
-77.814766896043551


# name: phi
# type: matrix
# rows: 1
# columns: 4
 0 15 30 45


# name: s_tk
# type: scalar
-29.086055848241756


# name: s_vk
# type: scalar
-39.330337129845127


# name: t
# type: matrix
# rows: 1
# columns: 11
 Inf 2.28627153866495e-06 1.616638108623788e-06 1.3199794882887887e-06 1.143135769332475e-06 1.0224517150955733e-06 9.3336644719615152e-07 8.6412941726749279e-07 8.0831905431189398e-07 7.6209051288831667e-07 7.2298254117989581e-07


# name: t_tk
# type: matrix
# rows: 1
# columns: 11
 7.2298254117989585e-06 2.28627153866495e-06 1.616638108623788e-06 1.3199794882887887e-06 1.143135769332475e-06 1.0224517150955733e-06 9.3336644719615152e-07 8.6412941726749279e-07 8.0831905431189398e-07 7.6209051288831667e-07 7.2298254117989581e-07


# name: v
# type: matrix
# rows: 1
# columns: 11
 0 437393.36430000002 618567.62788505596 757587.52986108314 874786.72860000003 978041.29548212979 1071390.5594142759 1157234.0670476772 1237135.2557701119 1312180.0929 1383159.2646317796


# name: v_1
# type: scalar
437393.36430000002


# name: v_tk
# type: matrix
# rows: 1
# columns: 11
 138315.92646317795 437393.36430000002 618567.62788505596 757587.52986108314 874786.72860000003 978041.29548212979 1071390.5594142759 1157234.0670476772 1237135.2557701119 1312180.0929 1383159.2646317796


# name: x_tk
# type: matrix
# rows: 1
# columns: 991
 0.10000000000000001 0.11 0.12000000000000001 0.13 0.14000000000000001 0.15000000000000002 0.16 0.17000000000000001 0.17999999999999999 0.19 0.20000000000000001 0.21000000000000002 0.22 0.23000000000000001 0.24000000000000002 0.25 0.26000000000000001 0.27000000000000002 0.28000000000000003 0.29000000000000004 0.30000000000000004 0.31 0.32000000000000001 0.33000000000000002 0.33999999999999997 0.34999999999999998 0.35999999999999999 0.37 0.38 0.39000000000000001 0.40000000000000002 0.41000000000000003 0.42000000000000004 0.43000000000000005 0.44000000000000006 0.45000000000000007 0.45999999999999996 0.46999999999999997 0.47999999999999998 0.48999999999999999 0.5 0.51000000000000001 0.52000000000000002 0.53000000000000003 0.54000000000000004 0.55000000000000004 0.56000000000000005 0.57000000000000006 0.57999999999999996 0.58999999999999997 0.59999999999999998 0.60999999999999999 0.62 0.63 0.64000000000000001 0.65000000000000002 0.66000000000000003 0.67000000000000004 0.67999999999999994 0.68999999999999995 0.69999999999999996 0.70999999999999996 0.71999999999999997 0.72999999999999998 0.73999999999999999 0.75 0.76000000000000001 0.77000000000000002 0.78000000000000003 0.79000000000000004 0.80000000000000004 0.80999999999999994 0.81999999999999995 0.82999999999999996 0.83999999999999997 0.84999999999999998 0.85999999999999999 0.87 0.88 0.89000000000000001 0.90000000000000002 0.91000000000000003 0.92000000000000004 0.93000000000000005 0.93999999999999995 0.94999999999999996 0.95999999999999996 0.96999999999999997 0.97999999999999998 0.98999999999999999 1 1.01 1.02 1.03 1.04 1.05 1.0600000000000001 1.0700000000000001 1.0800000000000001 1.0900000000000001 1.1000000000000001 1.1100000000000001 1.1200000000000001 1.1300000000000001 1.1400000000000001 1.1500000000000001 1.1600000000000001 1.1700000000000002 1.1800000000000002 1.1900000000000002 1.2000000000000002 1.2100000000000002 1.2200000000000002 1.2300000000000002 1.2400000000000002 1.2500000000000002 1.26 1.27 1.28 1.29 1.3 1.3100000000000001 1.3200000000000001 1.3300000000000001 1.3400000000000001 1.3500000000000001 1.3600000000000001 1.3700000000000001 1.3800000000000001 1.3900000000000001 1.4000000000000001 1.4100000000000001 1.4200000000000002 1.4300000000000002 1.4400000000000002 1.4500000000000002 1.4600000000000002 1.4700000000000002 1.4800000000000002 1.4900000000000002 1.5000000000000002 1.51 1.52 1.53 1.54 1.55 1.5600000000000001 1.5700000000000001 1.5800000000000001 1.5900000000000001 1.6000000000000001 1.6100000000000001 1.6200000000000001 1.6300000000000001 1.6400000000000001 1.6500000000000001 1.6600000000000001 1.6700000000000002 1.6800000000000002 1.6900000000000002 1.7000000000000002 1.7100000000000002 1.7200000000000002 1.7300000000000002 1.7400000000000002 1.7500000000000002 1.7600000000000002 1.77 1.78 1.79 1.8 1.8100000000000001 1.8200000000000001 1.8300000000000001 1.8400000000000001 1.8500000000000001 1.8600000000000001 1.8700000000000001 1.8800000000000001 1.8900000000000001 1.9000000000000001 1.9100000000000001 1.9200000000000002 1.9300000000000002 1.9400000000000002 1.9500000000000002 1.9600000000000002 1.9700000000000002 1.9800000000000002 1.9900000000000002 2 2.0100000000000002 2.02 2.0299999999999998 2.04 2.0499999999999998 2.0600000000000001 2.0699999999999998 2.0800000000000001 2.0899999999999999 2.1000000000000001 2.1100000000000003 2.1200000000000001 2.1300000000000003 2.1400000000000001 2.1499999999999999 2.1600000000000001 2.1699999999999999 2.1800000000000002 2.1899999999999999 2.2000000000000002 2.21 2.2200000000000002 2.23 2.2400000000000002 2.25 2.2600000000000002 2.27 2.2800000000000002 2.29 2.3000000000000003 2.3100000000000001 2.3200000000000003 2.3300000000000001 2.3400000000000003 2.3500000000000001 2.3600000000000003 2.3700000000000001 2.3800000000000003 2.3900000000000001 2.4000000000000004 2.4100000000000001 2.4199999999999999 2.4300000000000002 2.4399999999999999 2.4500000000000002 2.46 2.4700000000000002 2.48 2.4900000000000002 2.5 2.5100000000000002 2.52 2.5300000000000002 2.54 2.5500000000000003 2.5600000000000001 2.5700000000000003 2.5800000000000001 2.5900000000000003 2.6000000000000001 2.6100000000000003 2.6200000000000001 2.6300000000000003 2.6400000000000001 2.6500000000000004 2.6600000000000001 2.6699999999999999 2.6800000000000002 2.6899999999999999 2.7000000000000002 2.71 2.7200000000000002 2.73 2.7400000000000002 2.75 2.7600000000000002 2.77 2.7800000000000002 2.79 2.8000000000000003 2.8100000000000001 2.8200000000000003 2.8300000000000001 2.8400000000000003 2.8500000000000001 2.8600000000000003 2.8700000000000001 2.8800000000000003 2.8900000000000001 2.9000000000000004 2.9100000000000001 2.9199999999999999 2.9300000000000002 2.9399999999999999 2.9500000000000002 2.96 2.9700000000000002 2.98 2.9900000000000002 3 3.0100000000000002 3.02 3.0300000000000002 3.04 3.0500000000000003 3.0600000000000001 3.0700000000000003 3.0800000000000001 3.0900000000000003 3.1000000000000001 3.1100000000000003 3.1200000000000001 3.1300000000000003 3.1400000000000001 3.1500000000000004 3.1600000000000001 3.1700000000000004 3.1800000000000002 3.1899999999999999 3.2000000000000002 3.21 3.2200000000000002 3.23 3.2400000000000002 3.25 3.2600000000000002 3.27 3.2800000000000002 3.29 3.3000000000000003 3.3100000000000001 3.3200000000000003 3.3300000000000001 3.3400000000000003 3.3500000000000001 3.3600000000000003 3.3700000000000001 3.3800000000000003 3.3900000000000001 3.4000000000000004 3.4100000000000001 3.4200000000000004 3.4300000000000002 3.4399999999999999 3.4500000000000002 3.46 3.4700000000000002 3.48 3.4900000000000002 3.5 3.5100000000000002 3.52 3.5300000000000002 3.54 3.5500000000000003 3.5600000000000001 3.5700000000000003 3.5800000000000001 3.5900000000000003 3.6000000000000001 3.6100000000000003 3.6200000000000001 3.6300000000000003 3.6400000000000001 3.6500000000000004 3.6600000000000001 3.6700000000000004 3.6800000000000002 3.6899999999999999 3.7000000000000002 3.71 3.7200000000000002 3.73 3.7400000000000002 3.75 3.7600000000000002 3.77 3.7800000000000002 3.79 3.8000000000000003 3.8100000000000001 3.8200000000000003 3.8300000000000001 3.8400000000000003 3.8500000000000001 3.8600000000000003 3.8700000000000001 3.8800000000000003 3.8900000000000001 3.9000000000000004 3.9100000000000001 3.9200000000000004 3.9300000000000002 3.9399999999999999 3.9500000000000002 3.96 3.9700000000000002 3.98 3.9900000000000002 4 4.0099999999999998 4.0199999999999996 4.0300000000000002 4.04 4.0499999999999998 4.0599999999999996 4.0700000000000003 4.0800000000000001 4.0899999999999999 4.0999999999999996 4.1099999999999994 4.1200000000000001 4.1299999999999999 4.1399999999999997 4.1499999999999995 4.1600000000000001 4.1699999999999999 4.1799999999999997 4.1899999999999995 4.1999999999999993 4.21 4.2199999999999998 4.2299999999999995 4.2399999999999993 4.25 4.2599999999999998 4.2699999999999996 4.2799999999999994 4.29 4.2999999999999998 4.3099999999999996 4.3199999999999994 4.3300000000000001 4.3399999999999999 4.3499999999999996 4.3599999999999994 4.3700000000000001 4.3799999999999999 4.3899999999999997 4.3999999999999995 4.4100000000000001 4.4199999999999999 4.4299999999999997 4.4399999999999995 4.4500000000000002 4.46 4.4699999999999998 4.4799999999999995 4.4899999999999993 4.5 4.5099999999999998 4.5199999999999996 4.5299999999999994 4.54 4.5499999999999998 4.5599999999999996 4.5699999999999994 4.5800000000000001 4.5899999999999999 4.5999999999999996 4.6099999999999994 4.6200000000000001 4.6299999999999999 4.6399999999999997 4.6499999999999995 4.6600000000000001 4.6699999999999999 4.6799999999999997 4.6899999999999995 4.7000000000000002 4.71 4.7199999999999998 4.7299999999999995 4.7399999999999993 4.75 4.7599999999999998 4.7699999999999996 4.7799999999999994 4.79 4.7999999999999998 4.8099999999999996 4.8199999999999994 4.8300000000000001 4.8399999999999999 4.8499999999999996 4.8599999999999994 4.8700000000000001 4.8799999999999999 4.8899999999999997 4.8999999999999995 4.9100000000000001 4.9199999999999999 4.9299999999999997 4.9399999999999995 4.9500000000000002 4.96 4.9699999999999998 4.9799999999999995 4.9899999999999993 5 5.0099999999999998 5.0199999999999996 5.0299999999999994 5.04 5.0499999999999998 5.0599999999999996 5.0699999999999994 5.0800000000000001 5.0899999999999999 5.0999999999999996 5.1099999999999994 5.1200000000000001 5.1299999999999999 5.1399999999999997 5.1499999999999995 5.1600000000000001 5.1699999999999999 5.1799999999999997 5.1899999999999995 5.2000000000000002 5.21 5.2199999999999998 5.2299999999999995 5.2399999999999993 5.25 5.2599999999999998 5.2699999999999996 5.2799999999999994 5.29 5.2999999999999998 5.3099999999999996 5.3199999999999994 5.3300000000000001 5.3399999999999999 5.3499999999999996 5.3599999999999994 5.3700000000000001 5.3799999999999999 5.3899999999999997 5.3999999999999995 5.4100000000000001 5.4199999999999999 5.4299999999999997 5.4399999999999995 5.4500000000000002 5.46 5.4699999999999998 5.4799999999999995 5.4899999999999993 5.5 5.5099999999999998 5.5199999999999996 5.5299999999999994 5.54 5.5499999999999998 5.5599999999999996 5.5699999999999994 5.5800000000000001 5.5899999999999999 5.5999999999999996 5.6099999999999994 5.6200000000000001 5.6299999999999999 5.6399999999999997 5.6499999999999995 5.6600000000000001 5.6699999999999999 5.6799999999999997 5.6899999999999995 5.7000000000000002 5.71 5.7199999999999998 5.7299999999999995 5.7399999999999993 5.75 5.7599999999999998 5.7699999999999996 5.7799999999999994 5.79 5.7999999999999998 5.8099999999999996 5.8199999999999994 5.8300000000000001 5.8399999999999999 5.8499999999999996 5.8599999999999994 5.8700000000000001 5.8799999999999999 5.8899999999999997 5.8999999999999995 5.9100000000000001 5.9199999999999999 5.9299999999999997 5.9399999999999995 5.9500000000000002 5.96 5.9699999999999998 5.9799999999999995 5.9899999999999993 6 6.0099999999999998 6.0199999999999996 6.0299999999999994 6.04 6.0499999999999998 6.0599999999999996 6.0699999999999994 6.0800000000000001 6.0899999999999999 6.0999999999999996 6.1099999999999994 6.1200000000000001 6.1299999999999999 6.1399999999999997 6.1499999999999995 6.1600000000000001 6.1699999999999999 6.1799999999999997 6.1899999999999995 6.2000000000000002 6.21 6.2199999999999998 6.2299999999999995 6.2400000000000002 6.25 6.2599999999999998 6.2699999999999996 6.2799999999999994 6.29 6.2999999999999998 6.3099999999999996 6.3199999999999994 6.3300000000000001 6.3399999999999999 6.3499999999999996 6.3599999999999994 6.3700000000000001 6.3799999999999999 6.3899999999999997 6.3999999999999995 6.4100000000000001 6.4199999999999999 6.4299999999999997 6.4399999999999995 6.4500000000000002 6.46 6.4699999999999998 6.4799999999999995 6.4900000000000002 6.5 6.5099999999999998 6.5199999999999996 6.5299999999999994 6.54 6.5499999999999998 6.5599999999999996 6.5699999999999994 6.5800000000000001 6.5899999999999999 6.5999999999999996 6.6099999999999994 6.6200000000000001 6.6299999999999999 6.6399999999999997 6.6499999999999995 6.6600000000000001 6.6699999999999999 6.6799999999999997 6.6899999999999995 6.7000000000000002 6.71 6.7199999999999998 6.7299999999999995 6.7400000000000002 6.75 6.7599999999999998 6.7699999999999996 6.7799999999999994 6.79 6.7999999999999998 6.8099999999999996 6.8199999999999994 6.8300000000000001 6.8399999999999999 6.8499999999999996 6.8599999999999994 6.8700000000000001 6.8799999999999999 6.8899999999999997 6.8999999999999995 6.9100000000000001 6.9199999999999999 6.9299999999999997 6.9399999999999995 6.9500000000000002 6.96 6.9699999999999998 6.9799999999999995 6.9900000000000002 7 7.0099999999999998 7.0199999999999996 7.0299999999999994 7.04 7.0499999999999998 7.0599999999999996 7.0699999999999994 7.0800000000000001 7.0899999999999999 7.0999999999999996 7.1099999999999994 7.1200000000000001 7.1299999999999999 7.1399999999999997 7.1499999999999995 7.1600000000000001 7.1699999999999999 7.1799999999999997 7.1899999999999995 7.2000000000000002 7.21 7.2199999999999998 7.2299999999999995 7.2400000000000002 7.25 7.2599999999999998 7.2699999999999996 7.2799999999999994 7.29 7.2999999999999998 7.3099999999999996 7.3199999999999994 7.3300000000000001 7.3399999999999999 7.3499999999999996 7.3599999999999994 7.3700000000000001 7.3799999999999999 7.3899999999999997 7.3999999999999995 7.4100000000000001 7.4199999999999999 7.4299999999999997 7.4399999999999995 7.4500000000000002 7.46 7.4699999999999998 7.4799999999999995 7.4900000000000002 7.5 7.5099999999999998 7.5199999999999996 7.5299999999999994 7.54 7.5499999999999998 7.5599999999999996 7.5699999999999994 7.5800000000000001 7.5899999999999999 7.5999999999999996 7.6099999999999994 7.6200000000000001 7.6299999999999999 7.6399999999999997 7.6499999999999995 7.6600000000000001 7.6699999999999999 7.6799999999999997 7.6899999999999995 7.7000000000000002 7.71 7.7199999999999998 7.7299999999999995 7.7400000000000002 7.75 7.7599999999999998 7.7699999999999996 7.7799999999999994 7.79 7.7999999999999998 7.8099999999999996 7.8199999999999994 7.8300000000000001 7.8399999999999999 7.8499999999999996 7.8599999999999994 7.8700000000000001 7.8799999999999999 7.8899999999999997 7.8999999999999995 7.9100000000000001 7.9199999999999999 7.9299999999999997 7.9399999999999995 7.9500000000000002 7.96 7.9699999999999998 7.9799999999999995 7.9900000000000002 8 8.0099999999999998 8.0199999999999996 8.0300000000000011 8.0400000000000009 8.0500000000000007 8.0600000000000005 8.0700000000000003 8.0800000000000001 8.0899999999999999 8.0999999999999996 8.1099999999999994 8.1199999999999992 8.129999999999999 8.1400000000000006 8.1500000000000004 8.1600000000000001 8.1699999999999999 8.1799999999999997 8.1899999999999995 8.1999999999999993 8.2099999999999991 8.2200000000000006 8.2300000000000004 8.2400000000000002 8.25 8.2599999999999998 8.2699999999999996 8.2799999999999994 8.2899999999999991 8.2999999999999989 8.3100000000000005 8.3200000000000003 8.3300000000000001 8.3399999999999999 8.3499999999999996 8.3599999999999994 8.3699999999999992 8.379999999999999 8.3900000000000006 8.4000000000000004 8.4100000000000001 8.4199999999999999 8.4299999999999997 8.4399999999999995 8.4499999999999993 8.4599999999999991 8.4700000000000006 8.4800000000000004 8.4900000000000002 8.5 8.5099999999999998 8.5199999999999996 8.5299999999999994 8.5399999999999991 8.5499999999999989 8.5600000000000005 8.5700000000000003 8.5800000000000001 8.5899999999999999 8.5999999999999996 8.6099999999999994 8.6199999999999992 8.629999999999999 8.6400000000000006 8.6500000000000004 8.6600000000000001 8.6699999999999999 8.6799999999999997 8.6899999999999995 8.6999999999999993 8.7099999999999991 8.7200000000000006 8.7300000000000004 8.7400000000000002 8.75 8.7599999999999998 8.7699999999999996 8.7799999999999994 8.7899999999999991 8.8000000000000007 8.8100000000000005 8.8200000000000003 8.8300000000000001 8.8399999999999999 8.8499999999999996 8.8599999999999994 8.8699999999999992 8.879999999999999 8.8900000000000006 8.9000000000000004 8.9100000000000001 8.9199999999999999 8.9299999999999997 8.9399999999999995 8.9499999999999993 8.9599999999999991 8.9700000000000006 8.9800000000000004 8.9900000000000002 9 9.0099999999999998 9.0199999999999996 9.0299999999999994 9.0399999999999991 9.0500000000000007 9.0600000000000005 9.0700000000000003 9.0800000000000001 9.0899999999999999 9.0999999999999996 9.1099999999999994 9.1199999999999992 9.129999999999999 9.1400000000000006 9.1500000000000004 9.1600000000000001 9.1699999999999999 9.1799999999999997 9.1899999999999995 9.1999999999999993 9.2099999999999991 9.2200000000000006 9.2300000000000004 9.2400000000000002 9.25 9.2599999999999998 9.2699999999999996 9.2799999999999994 9.2899999999999991 9.3000000000000007 9.3100000000000005 9.3200000000000003 9.3300000000000001 9.3399999999999999 9.3499999999999996 9.3599999999999994 9.3699999999999992 9.379999999999999 9.3900000000000006 9.4000000000000004 9.4100000000000001 9.4199999999999999 9.4299999999999997 9.4399999999999995 9.4499999999999993 9.4599999999999991 9.4700000000000006 9.4800000000000004 9.4900000000000002 9.5 9.5099999999999998 9.5199999999999996 9.5299999999999994 9.5399999999999991 9.5500000000000007 9.5600000000000005 9.5700000000000003 9.5800000000000001 9.5899999999999999 9.5999999999999996 9.6099999999999994 9.6199999999999992 9.629999999999999 9.6400000000000006 9.6500000000000004 9.6600000000000001 9.6699999999999999 9.6799999999999997 9.6899999999999995 9.6999999999999993 9.7099999999999991 9.7200000000000006 9.7300000000000004 9.7400000000000002 9.75 9.7599999999999998 9.7699999999999996 9.7799999999999994 9.7899999999999991 9.8000000000000007 9.8100000000000005 9.8200000000000003 9.8300000000000001 9.8399999999999999 9.8499999999999996 9.8599999999999994 9.8699999999999992 9.879999999999999 9.8900000000000006 9.9000000000000004 9.9100000000000001 9.9199999999999999 9.9299999999999997 9.9399999999999995 9.9499999999999993 9.9599999999999991 9.9700000000000006 9.9800000000000004 9.9900000000000002 10


# name: x_vk
# type: matrix
# rows: 1
# columns: 1001
 0 0.01 0.02 0.029999999999999999 0.040000000000000001 0.050000000000000003 0.059999999999999998 0.070000000000000007 0.080000000000000002 0.089999999999999997 0.10000000000000001 0.11 0.12 0.13 0.14000000000000001 0.14999999999999999 0.16 0.17000000000000001 0.17999999999999999 0.19 0.20000000000000001 0.20999999999999999 0.22 0.23000000000000001 0.23999999999999999 0.25 0.26000000000000001 0.27000000000000002 0.28000000000000003 0.28999999999999998 0.29999999999999999 0.31 0.32000000000000001 0.33000000000000002 0.34000000000000002 0.35000000000000003 0.35999999999999999 0.37 0.38 0.39000000000000001 0.40000000000000002 0.41000000000000003 0.41999999999999998 0.42999999999999999 0.44 0.45000000000000001 0.46000000000000002 0.47000000000000003 0.47999999999999998 0.48999999999999999 0.5 0.51000000000000001 0.52000000000000002 0.53000000000000003 0.54000000000000004 0.55000000000000004 0.56000000000000005 0.57000000000000006 0.57999999999999996 0.58999999999999997 0.59999999999999998 0.60999999999999999 0.62 0.63 0.64000000000000001 0.65000000000000002 0.66000000000000003 0.67000000000000004 0.68000000000000005 0.69000000000000006 0.70000000000000007 0.70999999999999996 0.71999999999999997 0.72999999999999998 0.73999999999999999 0.75 0.76000000000000001 0.77000000000000002 0.78000000000000003 0.79000000000000004 0.80000000000000004 0.81000000000000005 0.82000000000000006 0.83000000000000007 0.83999999999999997 0.84999999999999998 0.85999999999999999 0.87 0.88 0.89000000000000001 0.90000000000000002 0.91000000000000003 0.92000000000000004 0.93000000000000005 0.94000000000000006 0.95000000000000007 0.95999999999999996 0.96999999999999997 0.97999999999999998 0.98999999999999999 1 1.01 1.02 1.03 1.04 1.05 1.0600000000000001 1.0700000000000001 1.0800000000000001 1.0900000000000001 1.1000000000000001 1.1100000000000001 1.1200000000000001 1.1300000000000001 1.1400000000000001 1.1500000000000001 1.1599999999999999 1.1699999999999999 1.1799999999999999 1.1899999999999999 1.2 1.21 1.22 1.23 1.24 1.25 1.26 1.27 1.28 1.29 1.3 1.3100000000000001 1.3200000000000001 1.3300000000000001 1.3400000000000001 1.3500000000000001 1.3600000000000001 1.3700000000000001 1.3800000000000001 1.3900000000000001 1.4000000000000001 1.4099999999999999 1.4199999999999999 1.4299999999999999 1.4399999999999999 1.45 1.46 1.47 1.48 1.49 1.5 1.51 1.52 1.53 1.54 1.55 1.5600000000000001 1.5700000000000001 1.5800000000000001 1.5900000000000001 1.6000000000000001 1.6100000000000001 1.6200000000000001 1.6300000000000001 1.6400000000000001 1.6500000000000001 1.6600000000000001 1.6699999999999999 1.6799999999999999 1.6899999999999999 1.7 1.71 1.72 1.73 1.74 1.75 1.76 1.77 1.78 1.79 1.8 1.8100000000000001 1.8200000000000001 1.8300000000000001 1.8400000000000001 1.8500000000000001 1.8600000000000001 1.8700000000000001 1.8800000000000001 1.8900000000000001 1.9000000000000001 1.9100000000000001 1.9199999999999999 1.9299999999999999 1.9399999999999999 1.95 1.96 1.97 1.98 1.99 2 2.0100000000000002 2.02 2.0300000000000002 2.04 2.0499999999999998 2.0600000000000001 2.0699999999999998 2.0800000000000001 2.0899999999999999 2.1000000000000001 2.1099999999999999 2.1200000000000001 2.1299999999999999 2.1400000000000001 2.1499999999999999 2.1600000000000001 2.1699999999999999 2.1800000000000002 2.1899999999999999 2.2000000000000002 2.21 2.2200000000000002 2.23 2.2400000000000002 2.25 2.2600000000000002 2.27 2.2800000000000002 2.29 2.3000000000000003 2.3100000000000001 2.3199999999999998 2.3300000000000001 2.3399999999999999 2.3500000000000001 2.3599999999999999 2.3700000000000001 2.3799999999999999 2.3900000000000001 2.3999999999999999 2.4100000000000001 2.4199999999999999 2.4300000000000002 2.4399999999999999 2.4500000000000002 2.46 2.4700000000000002 2.48 2.4900000000000002 2.5 2.5100000000000002 2.52 2.5300000000000002 2.54 2.5500000000000003 2.5600000000000001 2.5699999999999998 2.5800000000000001 2.5899999999999999 2.6000000000000001 2.6099999999999999 2.6200000000000001 2.6299999999999999 2.6400000000000001 2.6499999999999999 2.6600000000000001 2.6699999999999999 2.6800000000000002 2.6899999999999999 2.7000000000000002 2.71 2.7200000000000002 2.73 2.7400000000000002 2.75 2.7600000000000002 2.77 2.7800000000000002 2.79 2.8000000000000003 2.8100000000000001 2.8199999999999998 2.8300000000000001 2.8399999999999999 2.8500000000000001 2.8599999999999999 2.8700000000000001 2.8799999999999999 2.8900000000000001 2.8999999999999999 2.9100000000000001 2.9199999999999999 2.9300000000000002 2.9399999999999999 2.9500000000000002 2.96 2.9700000000000002 2.98 2.9900000000000002 3 3.0100000000000002 3.02 3.0300000000000002 3.04 3.0500000000000003 3.0600000000000001 3.0700000000000003 3.0800000000000001 3.0899999999999999 3.1000000000000001 3.1099999999999999 3.1200000000000001 3.1299999999999999 3.1400000000000001 3.1499999999999999 3.1600000000000001 3.1699999999999999 3.1800000000000002 3.1899999999999999 3.2000000000000002 3.21 3.2200000000000002 3.23 3.2400000000000002 3.25 3.2600000000000002 3.27 3.2800000000000002 3.29 3.3000000000000003 3.3100000000000001 3.3200000000000003 3.3300000000000001 3.3399999999999999 3.3500000000000001 3.3599999999999999 3.3700000000000001 3.3799999999999999 3.3900000000000001 3.3999999999999999 3.4100000000000001 3.4199999999999999 3.4300000000000002 3.4399999999999999 3.4500000000000002 3.46 3.4700000000000002 3.48 3.4900000000000002 3.5 3.5100000000000002 3.52 3.5300000000000002 3.54 3.5500000000000003 3.5600000000000001 3.5700000000000003 3.5800000000000001 3.5899999999999999 3.6000000000000001 3.6099999999999999 3.6200000000000001 3.6299999999999999 3.6400000000000001 3.6499999999999999 3.6600000000000001 3.6699999999999999 3.6800000000000002 3.6899999999999999 3.7000000000000002 3.71 3.7200000000000002 3.73 3.7400000000000002 3.75 3.7600000000000002 3.77 3.7800000000000002 3.79 3.8000000000000003 3.8100000000000001 3.8200000000000003 3.8300000000000001 3.8399999999999999 3.8500000000000001 3.8599999999999999 3.8700000000000001 3.8799999999999999 3.8900000000000001 3.8999999999999999 3.9100000000000001 3.9199999999999999 3.9300000000000002 3.9399999999999999 3.9500000000000002 3.96 3.9700000000000002 3.98 3.9900000000000002 4 4.0099999999999998 4.0200000000000005 4.0300000000000002 4.04 4.0499999999999998 4.0600000000000005 4.0700000000000003 4.0800000000000001 4.0899999999999999 4.0999999999999996 4.1100000000000003 4.1200000000000001 4.1299999999999999 4.1399999999999997 4.1500000000000004 4.1600000000000001 4.1699999999999999 4.1799999999999997 4.1900000000000004 4.2000000000000002 4.21 4.2199999999999998 4.2300000000000004 4.2400000000000002 4.25 4.2599999999999998 4.2700000000000005 4.2800000000000002 4.29 4.2999999999999998 4.3100000000000005 4.3200000000000003 4.3300000000000001 4.3399999999999999 4.3500000000000005 4.3600000000000003 4.3700000000000001 4.3799999999999999 4.3899999999999997 4.4000000000000004 4.4100000000000001 4.4199999999999999 4.4299999999999997 4.4400000000000004 4.4500000000000002 4.46 4.4699999999999998 4.4800000000000004 4.4900000000000002 4.5 4.5099999999999998 4.5200000000000005 4.5300000000000002 4.54 4.5499999999999998 4.5600000000000005 4.5700000000000003 4.5800000000000001 4.5899999999999999 4.6000000000000005 4.6100000000000003 4.6200000000000001 4.6299999999999999 4.6399999999999997 4.6500000000000004 4.6600000000000001 4.6699999999999999 4.6799999999999997 4.6900000000000004 4.7000000000000002 4.71 4.7199999999999998 4.7300000000000004 4.7400000000000002 4.75 4.7599999999999998 4.7700000000000005 4.7800000000000002 4.79 4.7999999999999998 4.8100000000000005 4.8200000000000003 4.8300000000000001 4.8399999999999999 4.8500000000000005 4.8600000000000003 4.8700000000000001 4.8799999999999999 4.8899999999999997 4.9000000000000004 4.9100000000000001 4.9199999999999999 4.9299999999999997 4.9400000000000004 4.9500000000000002 4.96 4.9699999999999998 4.9800000000000004 4.9900000000000002 5 5.0099999999999998 5.0200000000000005 5.0300000000000002 5.04 5.0499999999999998 5.0600000000000005 5.0700000000000003 5.0800000000000001 5.0899999999999999 5.1000000000000005 5.1100000000000003 5.1200000000000001 5.1299999999999999 5.1399999999999997 5.1500000000000004 5.1600000000000001 5.1699999999999999 5.1799999999999997 5.1900000000000004 5.2000000000000002 5.21 5.2199999999999998 5.2300000000000004 5.2400000000000002 5.25 5.2599999999999998 5.2700000000000005 5.2800000000000002 5.29 5.2999999999999998 5.3100000000000005 5.3200000000000003 5.3300000000000001 5.3399999999999999 5.3500000000000005 5.3600000000000003 5.3700000000000001 5.3799999999999999 5.3899999999999997 5.4000000000000004 5.4100000000000001 5.4199999999999999 5.4299999999999997 5.4400000000000004 5.4500000000000002 5.46 5.4699999999999998 5.4800000000000004 5.4900000000000002 5.5 5.5099999999999998 5.5200000000000005 5.5300000000000002 5.54 5.5499999999999998 5.5600000000000005 5.5700000000000003 5.5800000000000001 5.5899999999999999 5.6000000000000005 5.6100000000000003 5.6200000000000001 5.6299999999999999 5.6399999999999997 5.6500000000000004 5.6600000000000001 5.6699999999999999 5.6799999999999997 5.6900000000000004 5.7000000000000002 5.71 5.7199999999999998 5.7300000000000004 5.7400000000000002 5.75 5.7599999999999998 5.7700000000000005 5.7800000000000002 5.79 5.7999999999999998 5.8100000000000005 5.8200000000000003 5.8300000000000001 5.8399999999999999 5.8500000000000005 5.8600000000000003 5.8700000000000001 5.8799999999999999 5.8899999999999997 5.9000000000000004 5.9100000000000001 5.9199999999999999 5.9299999999999997 5.9400000000000004 5.9500000000000002 5.96 5.9699999999999998 5.9800000000000004 5.9900000000000002 6 6.0099999999999998 6.0200000000000005 6.0300000000000002 6.04 6.0499999999999998 6.0600000000000005 6.0700000000000003 6.0800000000000001 6.0899999999999999 6.1000000000000005 6.1100000000000003 6.1200000000000001 6.1299999999999999 6.1400000000000006 6.1500000000000004 6.1600000000000001 6.1699999999999999 6.1799999999999997 6.1900000000000004 6.2000000000000002 6.21 6.2199999999999998 6.2300000000000004 6.2400000000000002 6.25 6.2599999999999998 6.2700000000000005 6.2800000000000002 6.29 6.2999999999999998 6.3100000000000005 6.3200000000000003 6.3300000000000001 6.3399999999999999 6.3500000000000005 6.3600000000000003 6.3700000000000001 6.3799999999999999 6.3900000000000006 6.4000000000000004 6.4100000000000001 6.4199999999999999 6.4299999999999997 6.4400000000000004 6.4500000000000002 6.46 6.4699999999999998 6.4800000000000004 6.4900000000000002 6.5 6.5099999999999998 6.5200000000000005 6.5300000000000002 6.54 6.5499999999999998 6.5600000000000005 6.5700000000000003 6.5800000000000001 6.5899999999999999 6.6000000000000005 6.6100000000000003 6.6200000000000001 6.6299999999999999 6.6400000000000006 6.6500000000000004 6.6600000000000001 6.6699999999999999 6.6799999999999997 6.6900000000000004 6.7000000000000002 6.71 6.7199999999999998 6.7300000000000004 6.7400000000000002 6.75 6.7599999999999998 6.7700000000000005 6.7800000000000002 6.79 6.7999999999999998 6.8100000000000005 6.8200000000000003 6.8300000000000001 6.8399999999999999 6.8500000000000005 6.8600000000000003 6.8700000000000001 6.8799999999999999 6.8900000000000006 6.9000000000000004 6.9100000000000001 6.9199999999999999 6.9299999999999997 6.9400000000000004 6.9500000000000002 6.96 6.9699999999999998 6.9800000000000004 6.9900000000000002 7 7.0099999999999998 7.0200000000000005 7.0300000000000002 7.04 7.0499999999999998 7.0600000000000005 7.0700000000000003 7.0800000000000001 7.0899999999999999 7.1000000000000005 7.1100000000000003 7.1200000000000001 7.1299999999999999 7.1400000000000006 7.1500000000000004 7.1600000000000001 7.1699999999999999 7.1799999999999997 7.1900000000000004 7.2000000000000002 7.21 7.2199999999999998 7.2300000000000004 7.2400000000000002 7.25 7.2599999999999998 7.2700000000000005 7.2800000000000002 7.29 7.2999999999999998 7.3100000000000005 7.3200000000000003 7.3300000000000001 7.3399999999999999 7.3500000000000005 7.3600000000000003 7.3700000000000001 7.3799999999999999 7.3900000000000006 7.4000000000000004 7.4100000000000001 7.4199999999999999 7.4299999999999997 7.4400000000000004 7.4500000000000002 7.46 7.4699999999999998 7.4800000000000004 7.4900000000000002 7.5 7.5099999999999998 7.5200000000000005 7.5300000000000002 7.54 7.5499999999999998 7.5600000000000005 7.5700000000000003 7.5800000000000001 7.5899999999999999 7.6000000000000005 7.6100000000000003 7.6200000000000001 7.6299999999999999 7.6400000000000006 7.6500000000000004 7.6600000000000001 7.6699999999999999 7.6799999999999997 7.6900000000000004 7.7000000000000002 7.71 7.7199999999999998 7.7300000000000004 7.7400000000000002 7.75 7.7599999999999998 7.7700000000000005 7.7800000000000002 7.79 7.7999999999999998 7.8100000000000005 7.8200000000000003 7.8300000000000001 7.8399999999999999 7.8500000000000005 7.8600000000000003 7.8700000000000001 7.8799999999999999 7.8900000000000006 7.9000000000000004 7.9100000000000001 7.9199999999999999 7.9300000000000006 7.9400000000000004 7.9500000000000002 7.96 7.9699999999999998 7.9800000000000004 7.9900000000000002 8 8.0099999999999998 8.0199999999999996 8.0299999999999994 8.0400000000000009 8.0500000000000007 8.0600000000000005 8.0700000000000003 8.0800000000000001 8.0899999999999999 8.0999999999999996 8.1099999999999994 8.120000000000001 8.1300000000000008 8.1400000000000006 8.1500000000000004 8.1600000000000001 8.1699999999999999 8.1799999999999997 8.1899999999999995 8.1999999999999993 8.2100000000000009 8.2200000000000006 8.2300000000000004 8.2400000000000002 8.25 8.2599999999999998 8.2699999999999996 8.2799999999999994 8.2900000000000009 8.3000000000000007 8.3100000000000005 8.3200000000000003 8.3300000000000001 8.3399999999999999 8.3499999999999996 8.3599999999999994 8.370000000000001 8.3800000000000008 8.3900000000000006 8.4000000000000004 8.4100000000000001 8.4199999999999999 8.4299999999999997 8.4399999999999995 8.4499999999999993 8.4600000000000009 8.4700000000000006 8.4800000000000004 8.4900000000000002 8.5 8.5099999999999998 8.5199999999999996 8.5299999999999994 8.5400000000000009 8.5500000000000007 8.5600000000000005 8.5700000000000003 8.5800000000000001 8.5899999999999999 8.5999999999999996 8.6099999999999994 8.620000000000001 8.6300000000000008 8.6400000000000006 8.6500000000000004 8.6600000000000001 8.6699999999999999 8.6799999999999997 8.6899999999999995 8.7000000000000011 8.7100000000000009 8.7200000000000006 8.7300000000000004 8.7400000000000002 8.75 8.7599999999999998 8.7699999999999996 8.7799999999999994 8.7900000000000009 8.8000000000000007 8.8100000000000005 8.8200000000000003 8.8300000000000001 8.8399999999999999 8.8499999999999996 8.8599999999999994 8.870000000000001 8.8800000000000008 8.8900000000000006 8.9000000000000004 8.9100000000000001 8.9199999999999999 8.9299999999999997 8.9399999999999995 8.9500000000000011 8.9600000000000009 8.9700000000000006 8.9800000000000004 8.9900000000000002 9 9.0099999999999998 9.0199999999999996 9.0299999999999994 9.0400000000000009 9.0500000000000007 9.0600000000000005 9.0700000000000003 9.0800000000000001 9.0899999999999999 9.0999999999999996 9.1099999999999994 9.120000000000001 9.1300000000000008 9.1400000000000006 9.1500000000000004 9.1600000000000001 9.1699999999999999 9.1799999999999997 9.1899999999999995 9.2000000000000011 9.2100000000000009 9.2200000000000006 9.2300000000000004 9.2400000000000002 9.25 9.2599999999999998 9.2699999999999996 9.2799999999999994 9.2900000000000009 9.3000000000000007 9.3100000000000005 9.3200000000000003 9.3300000000000001 9.3399999999999999 9.3499999999999996 9.3599999999999994 9.370000000000001 9.3800000000000008 9.3900000000000006 9.4000000000000004 9.4100000000000001 9.4199999999999999 9.4299999999999997 9.4399999999999995 9.4500000000000011 9.4600000000000009 9.4700000000000006 9.4800000000000004 9.4900000000000002 9.5 9.5099999999999998 9.5199999999999996 9.5299999999999994 9.5400000000000009 9.5500000000000007 9.5600000000000005 9.5700000000000003 9.5800000000000001 9.5899999999999999 9.5999999999999996 9.6099999999999994 9.620000000000001 9.6300000000000008 9.6400000000000006 9.6500000000000004 9.6600000000000001 9.6699999999999999 9.6799999999999997 9.6899999999999995 9.7000000000000011 9.7100000000000009 9.7200000000000006 9.7300000000000004 9.7400000000000002 9.75 9.7599999999999998 9.7699999999999996 9.7799999999999994 9.7900000000000009 9.8000000000000007 9.8100000000000005 9.8200000000000003 9.8300000000000001 9.8399999999999999 9.8499999999999996 9.8599999999999994 9.870000000000001 9.8800000000000008 9.8900000000000006 9.9000000000000004 9.9100000000000001 9.9199999999999999 9.9299999999999997 9.9399999999999995 9.9500000000000011 9.9600000000000009 9.9700000000000006 9.9800000000000004 9.9900000000000002 10


# name: y_tk
# type: matrix
# rows: 1
# columns: 991
 7.2298254117989585e-06 6.8933680569274156e-06 6.599897441443944e-06 6.3409763556080204e-06 6.1103177077262381e-06 5.9031277294382383e-06 5.7156788466623746e-06 5.5450229663288232e-06 5.3887936954126267e-06 5.245066628701979e-06 5.1122585754778667e-06 4.989053516740614e-06 4.87434729826811e-06 4.7672057026008873e-06 4.6668322359807567e-06 4.5725430773299e-06 4.4837473803939926e-06 4.3999316276292951e-06 4.3206470863374635e-06 4.2454996653695649e-06 4.1741416476961251e-06 4.1062649021713767e-06 4.0415952715594702e-06 3.9798879032902109e-06 3.9209233413262566e-06 3.8645042367347889e-06 3.8104525644415838e-06 3.7586072566157883e-06 3.708822180930433e-06 3.6609644058353428e-06 3.6149127058994792e-06 3.5705562689215684e-06 3.527793573389881e-06 3.4865314103852914e-06 3.4466840284637074e-06 3.408172383651911e-06 3.3709234796202673e-06 3.334869785492412e-06 3.299948720721972e-06 3.2661021980927858e-06 3.2332762172475759e-06 3.2014205022726032e-06 3.1704881778040102e-06 3.1404354789085451e-06 3.1112214906538385e-06 3.0828079138430682e-06 3.0551588538631191e-06 3.0282406299986103e-06 3.0020216029080384e-06 2.9764720182524236e-06 2.9515638647191191e-06 2.9272707449004156e-06 2.9035677576736956e-06 2.8804313908916425e-06 2.8578394233311873e-06 2.8357708349716831e-06 2.8142057247788181e-06 2.7931252352633194e-06 2.7725114831644116e-06 2.7523474956789417e-06 2.7326171517193122e-06 2.7133051277382019e-06 2.6943968477063133e-06 2.6758784368720833e-06 2.6577366789699898e-06 2.6399589765775773e-06 2.6225333143509895e-06 2.605448224895211e-06 2.5886927570487507e-06 2.5722564463834595e-06 2.5561292877389333e-06 2.5403017096277219e-06 2.5247645503625795e-06 2.5095090357704897e-06 2.494526758370307e-06 2.4798096579017552e-06 2.4653500031033373e-06 2.4511403746455851e-06 2.437173649134055e-06 2.4234429841037256e-06 2.4099418039329862e-06 2.3966637866113558e-06 2.3836028513004436e-06 2.3707531466325565e-06 2.3581090396958119e-06 2.3456651056586551e-06 2.3334161179903788e-06 2.3213570392375957e-06 2.3094830123196972e-06 2.2977893523091384e-06 2.28627153866495e-06 2.2749252078902402e-06 2.2637461465866007e-06 2.2527302848803029e-06 2.2418736901969963e-06 2.2311725613632795e-06 2.2206232230150552e-06 2.2102221202939808e-06 2.1999658138146476e-06 2.1898509748862949e-06 2.1798743809739874e-06 2.1700329113852061e-06 2.1603235431687318e-06 2.1507433472135944e-06 2.1412894845366404e-06 2.1319592027480458e-06 2.1227498326847825e-06 2.1136587852026735e-06 2.1046835481182979e-06 2.0958216832925354e-06 2.0870708238480626e-06 2.0784286715135906e-06 2.0698929940880801e-06 2.0614616230185736e-06 2.0531324510856884e-06 2.0449034301911466e-06 2.0367725692420795e-06 2.0287379321271376e-06 2.0207976357797351e-06 2.0129498483240339e-06 2.0051927872995147e-06 1.9975247179602399e-06 1.9899439516451055e-06 1.9824488442156275e-06 1.9750377945579637e-06 1.9677092431460793e-06 1.9604616706631279e-06 1.9532935966782816e-06 1.9462035783763911e-06 1.9391902093380038e-06 1.9322521183673945e-06 1.9253879683663941e-06 1.918596455251914e-06 1.9118763069151815e-06 1.9052262822207915e-06 1.8986451700437917e-06 1.8921317883431087e-06 1.8856849832696981e-06 1.8793036283078937e-06 1.8729866234485086e-06 1.8667328943923026e-06 1.8605413917825167e-06 1.8544110904652165e-06 1.8483409887762743e-06 1.8423301078538564e-06 1.8363774909753449e-06 1.8304822029176714e-06 1.8246433293401066e-06 1.8188599761885552e-06 1.8131312691204994e-06 1.8074563529497396e-06 1.8018343911101272e-06 1.7962645651375424e-06 1.7907460741693682e-06 1.7852781344607842e-06 1.7798599789172039e-06 1.7744908566422271e-06 1.7691700325005063e-06 1.7638967866949405e-06 1.7586704143576536e-06 1.7534902251542238e-06 1.7483555429006596e-06 1.7432657051926457e-06 1.7382200630465885e-06 1.7332179805520274e-06 1.7282588345349856e-06 1.7233420142318537e-06 1.7184669209734253e-06 1.7136329678787072e-06 1.7088395795581481e-06 1.7040861918259555e-06 1.6993722514211592e-06 1.6946972157371186e-06 1.6900605525591711e-06 1.6854617398101337e-06 1.6809002653033795e-06 1.6763756265032263e-06 1.6718873302923827e-06 1.667434892746206e-06 1.6630178389135381e-06 1.6586357026038943e-06 1.6542880261807886e-06 1.649974360360986e-06 1.6456942640194838e-06 1.6414473040000302e-06 1.6372330549309907e-06 1.6330510990463925e-06 1.6289010260119676e-06 1.6247824327560367e-06 1.6206949233050717e-06 1.616638108623788e-06 1.612611606459614e-06 1.6086150411914055e-06 1.6046480436822587e-06 1.6007102511363016e-06 1.5968013069593296e-06 1.5929208606231652e-06 1.5890685675336295e-06 1.5852440889020051e-06 1.5814470916198914e-06 1.5776772481373333e-06 1.5739342363441389e-06 1.5702177394542725e-06 1.5665274458932425e-06 1.5628630491883829e-06 1.5592242478619454e-06 1.5556107453269192e-06 1.5520222497854906e-06 1.548458474130071e-06 1.5449191358468124e-06 1.5414039569215341e-06 1.5379126637480002e-06 1.5344449870384654e-06 1.5310006617364335e-06 1.5275794269315595e-06 1.5241810257766333e-06 1.520805205406586e-06 1.5174517168594638e-06 1.5141203149993052e-06 1.5108107584408771e-06 1.5075228094762087e-06 1.5042562340028829e-06 1.501010801454019e-06 1.4977862847299221e-06 1.4945824601313305e-06 1.491399107294235e-06 1.4882360091262118e-06 1.4850929517442403e-06 1.4819697244139567e-06 1.4788661194903065e-06 1.4757819323595596e-06 1.4727169613826508e-06 1.4696710078398072e-06 1.4666438758764319e-06 1.4636353724502078e-06 1.4606453072793904e-06 1.4576734927922596e-06 1.4547197440776944e-06 1.4517838788368478e-06 1.4488657173358903e-06 1.4459650823597916e-06 1.4430817991671191e-06 1.4402156954458212e-06 1.4373666012699757e-06 1.4345343490574728e-06 1.4317187735286121e-06 1.4289197116655936e-06 1.4261370026728713e-06 1.4233704879383564e-06 1.4206200109954437e-06 1.4178854174858415e-06 1.4151665551231886e-06 1.4124632736574315e-06 1.4097754248399495e-06 1.4071028623894091e-06 1.4044454419583225e-06 1.4018030211003036e-06 1.399175459237996e-06 1.3965626176316597e-06 1.3939643593484036e-06 1.3913805492320419e-06 1.3888110538735647e-06 1.3862557415822058e-06 1.3837144823570943e-06 1.381187147859474e-06 1.3786736113854831e-06 1.3761737478394706e-06 1.3736874337078497e-06 1.3712145470334633e-06 1.368754967390459e-06 1.3663085758596561e-06 1.3638752550043971e-06 1.361454888846867e-06 1.3590473628448782e-06 1.3566525638691007e-06 1.3542703801807363e-06 1.3519007014096182e-06 1.3495434185327337e-06 1.3471984238531565e-06 1.3448656109793825e-06 1.3425448748050508e-06 1.3402361114890585e-06 1.3379392184360417e-06 1.3356540942772276e-06 1.3333806388516451e-06 1.331118753187683e-06 1.3288683394849949e-06 1.3266293010967369e-06 1.324401542512135e-06 1.3221849693393718e-06 1.3199794882887887e-06 1.3177850071563943e-06 1.3156014348076748e-06 1.3134286811616956e-06 1.3112666571754948e-06 1.3091152748287548e-06 1.3069744471087519e-06 1.3048440879955743e-06 1.3027241124476055e-06 1.3006144363872653e-06 1.2985149766870041e-06 1.2964256511555463e-06 1.2943463785243754e-06 1.2922770784344554e-06 1.2902176714231885e-06 1.2881680789115964e-06 1.2861282231917298e-06 1.2840980274142911e-06 1.2820774155764763e-06 1.2800663125100233e-06 1.2780646438694667e-06 1.2760723361205952e-06 1.2740893165291049e-06 1.2721155131494462e-06 1.270150854813861e-06 1.2681952711216042e-06 1.2662486924283487e-06 1.2643110498357668e-06 1.2623822751812896e-06 1.2604623010280342e-06 1.2585510606549005e-06 1.2566484880468334e-06 1.2547545178852448e-06 1.2528690855385959e-06 1.2509921270531328e-06 1.2491235791437749e-06 1.2472633791851535e-06 1.2454114652027959e-06 1.2435677758644523e-06 1.2417322504715657e-06 1.2399048289508776e-06 1.2380854518461708e-06 1.2362740603101443e-06 1.2344705960964185e-06 1.2326750015516687e-06 1.2308872196078845e-06 1.2291071937747509e-06 1.2273348681321521e-06 1.2255701873227925e-06 1.2238130965449337e-06 1.2220635415452477e-06 1.2203214686117809e-06 1.2185868245670275e-06 1.2168595567611116e-06 1.2151396130650761e-06 1.213426941864274e-06 1.2117214920518628e-06 1.2100232130224001e-06 1.2083320546655351e-06 1.2066479673598e-06 1.2049709019664931e-06 1.2033008098236576e-06 1.2016376427401522e-06 1.1999813529898078e-06 1.1983318933056779e-06 1.1966892168743715e-06 1.1950532773304733e-06 1.1934240287510474e-06 1.1918014256502218e-06 1.1901854229738563e-06 1.1885759760942864e-06 1.1869730408051483e-06 1.1853765733162782e-06 1.1837865302486889e-06 1.1822028686296171e-06 1.1806255458876477e-06 1.179054519847906e-06 1.1774897487273214e-06 1.1759311911299603e-06 1.1743788060424265e-06 1.1728325528293274e-06 1.1712923912288077e-06 1.1697582813481445e-06 1.1682301836594094e-06 1.1667080589951892e-06 1.1651918685443703e-06 1.1636815738479816e-06 1.1621771367950971e-06 1.1606785196187979e-06 1.1591856848921881e-06 1.1576985955244708e-06 1.1562172147570772e-06 1.1547415061598486e-06 1.1532714336272756e-06 1.1518069613747872e-06 1.1503480539350915e-06 1.1488946761545692e-06 1.1474467931897145e-06 1.1460043705036279e-06 1.144567373862555e-06 1.143135769332475e-06 1.1417095232757337e-06 1.1402886023477253e-06 1.1388729734936168e-06 1.1374626039451201e-06 1.1360574612173037e-06 1.1346575131054523e-06 1.1332627276819657e-06 1.1318730732933004e-06 1.1304885185569533e-06 1.1291090323584841e-06 1.1277345838485784e-06 1.1263651424401515e-06 1.1250006778054884e-06 1.1236411598734225e-06 1.1222865588265532e-06 1.1209368450984981e-06 1.1195919893711835e-06 1.1182519625721686e-06 1.1169167358720065e-06 1.11558628068164e-06 1.1142605686498278e-06 1.1129395716606108e-06 1.1116232618308041e-06 1.1103116115075276e-06 1.1090045932657646e-06 1.1077021799059542e-06 1.1064043444516134e-06 1.1051110601469904e-06 1.1038223004547478e-06 1.1025380390536761e-06 1.1012582498364347e-06 1.099982906907324e-06 1.0987119845800842e-06 1.0974454573757221e-06 1.096183300020366e-06 1.0949254874431476e-06 1.0936719947741098e-06 1.0924227973421419e-06 1.0911778706729402e-06 1.0899371904869939e-06 1.0887007326975951e-06 1.0874684734088777e-06 1.0862403889138745e-06 1.085016455692603e-06 1.0837966504101747e-06 1.082580949914924e-06 1.0813693312365646e-06 1.0801617715843663e-06 1.0789582483453526e-06 1.0777587390825256e-06 1.0765632215331053e-06 1.0753716736067974e-06 1.0741840733840773e-06 1.0730003991144958e-06 1.0718206292150083e-06 1.0706447422683202e-06 1.0694727170212537e-06 1.0683045323831352e-06 1.0671401674242011e-06 1.0659796013740229e-06 1.0648228136199513e-06 1.0636697837055764e-06 1.0625204913292122e-06 1.0613749163423914e-06 1.0602330387483848e-06 1.0590948387007329e-06 1.0579602965017993e-06 1.0568293926013369e-06 1.0557021075950743e-06 1.0545784222233172e-06 1.0534583173695654e-06 1.0523417740591491e-06 1.0512287734578758e-06 1.0501192968706986e-06 1.0490133257403957e-06 1.0479108416462677e-06 1.0468118263028484e-06 1.0457162615586307e-06 1.0446241293948087e-06 1.0435354119240315e-06 1.0424500913891738e-06 1.0413681501621193e-06 1.0402895707425575e-06 1.0392143357567953e-06 1.038142427956582e-06 1.0370738302179459e-06 1.0360085255400473e-06 1.03494649704404e-06 1.0338877279719504e-06 1.0328322016855655e-06 1.0317799016653351e-06 1.0307308115092868e-06 1.0296849149319503e-06 1.0286421957632968e-06 1.0276026379476893e-06 1.0265662255428442e-06 1.0255329427188034e-06 1.0245027737569198e-06 1.0234757030488523e-06 1.0224517150955733e-06 1.0214307945063863e-06 1.0204129259979535e-06 1.019398094393335e-06 1.0183862846210398e-06 1.0173774817140837e-06 1.0163716708090605e-06 1.0153688371452221e-06 1.0143689660635688e-06 1.0133720430059487e-06 1.0123780535141686e-06 1.0113869832291117e-06 1.0103988178898676e-06 1.0094135433328703e-06 1.0084311454910449e-06 1.007451610392965e-06 1.006474924162017e-06 1.0055010730155756e-06 1.0045300432641859e-06 1.0035618213107562e-06 1.0025963936497574e-06 1.0016337468664324e-06 1.0006738676360129e-06 9.9971674272294399e-07 9.9876235898011994e-07 9.9781070334812289e-07 9.9686176285447427e-07 9.9591552461289171e-07 9.9497197582255273e-07 9.9403110376736949e-07 9.9309289581526776e-07 9.9215733941747453e-07 9.9122442210781396e-07 9.9029413150200812e-07 9.8936645529698879e-07 9.8844138127021178e-07 9.8751889727898207e-07 9.8659899125978379e-07 9.8568165122761763e-07 9.8476686527534506e-07 9.8385462157303965e-07 9.8294490836734379e-07 9.8203771398083322e-07 9.8113302681138659e-07 9.8023083533156416e-07 9.7933112808798802e-07 9.7843389370073452e-07 9.7753912086272782e-07 9.766467983391408e-07 9.7575691496680513e-07 9.7486945965362191e-07 9.7398442137798341e-07 9.7310178918819556e-07 9.7222155220191193e-07 9.7134369960556645e-07 9.7046822065381963e-07 9.695951046690019e-07 9.6872434104057079e-07 9.6785591922456512e-07 9.6698982874307296e-07 9.6612605918369723e-07 9.6526460019903221e-07 9.6440544150614091e-07 9.6354857288604176e-07 9.6269398418319703e-07 9.6184166530500629e-07 9.6099160622130772e-07 9.601437969638809e-07 9.5929822762595724e-07 9.584548883617312e-07 9.576137693858824e-07 9.5677486097309597e-07 9.5593815345759075e-07 9.5510363723265299e-07 9.5427130275017091e-07 9.5344114052017754e-07 9.5261314111039594e-07 9.5178729514578804e-07 9.5096359330811061e-07 9.5014202633547216e-07 9.4932258502189584e-07 9.4850526021688715e-07 9.4769004282500292e-07 9.4687692380542862e-07 9.4606589417155433e-07 9.4525694499056116e-07 9.4445006738300389e-07 9.4364525252240566e-07 9.4284249163484905e-07 9.4204177599857695e-07 9.4124309694359294e-07 9.4044644585126711e-07 9.3965181415394706e-07 9.3885919333456829e-07 9.3806857492627298e-07 9.372799505120291e-07 9.3649331172425429e-07 9.3570865024444315e-07 9.3492595780279725e-07 9.3414522617785959e-07 9.3336644719615152e-07 9.3258961273181379e-07 9.3181471470624964e-07 9.3104174508777314e-07 9.3027069589125835e-07 9.2950155917779391e-07 9.2873432705433865e-07 9.2796899167338263e-07 9.2720554523260826e-07 9.2644397997455832e-07 9.2568428818630347e-07 9.2492646219911435e-07 9.2417049438813717e-07 9.2341637717207043e-07 9.2266410301284683e-07 9.2191366441531521e-07 9.211650539269282e-07 9.2041826413743171e-07 9.1967328767855475e-07 9.1893011722370657e-07 9.1818874548767244e-07 9.174491652263138e-07 9.1671136923627253e-07 9.1597535035467371e-07 9.1524110145883569e-07 9.1450861546597994e-07 9.1377788533294332e-07 9.130489040558951e-07 9.1232166467005331e-07 9.1159616024940676e-07 9.108723839064374e-07 9.1015032879184537e-07 9.094299880942777e-07 9.0871135504005649e-07 9.0799442289291452e-07 9.0727918495372677e-07 9.0656563456024992e-07 9.0585376508686003e-07 9.0514356994429583e-07 9.0443504257940053e-07 9.0372817647486981e-07 9.0302296514899845e-07 9.0231940215543224e-07 9.0161748108291898e-07 9.0091719555506369e-07 9.002185392300859e-07 8.9952150580057817e-07 8.9882608899326573e-07 8.9813228256877122e-07 8.9744008032137816e-07 8.9674947607879867e-07 8.9606046370194174e-07 8.9537303708468409e-07 8.9468719015364383e-07 8.9400291686795374e-07 8.933202112190382e-07 8.926390672303921e-07 8.9195947895736107e-07 8.9128144048692235e-07 8.9060494593747059e-07 8.8992998945860194e-07 8.8925656523090276e-07 8.8858466746573791e-07 8.8791429040504233e-07 8.8724542832111357e-07 8.8657807551640697e-07 8.8591222632332979e-07 8.8524787510404183e-07 8.8458501625025317e-07 8.8392364418302521e-07 8.8326375335257428e-07 8.8260533823807599e-07 8.8194839334747036e-07 8.8129291321727036e-07 8.8063889241237093e-07 8.7998632552585901e-07 8.7933520717882678e-07 8.7868553202018446e-07 8.7803729472647673e-07 8.7739049000169764e-07 8.7674511257711189e-07 8.7610115721107132e-07 8.7545861868883816e-07 8.7481749182240726e-07 8.741777714503298e-07 8.7353945243753905e-07 8.7290252967517695e-07 8.7226699808042284e-07 8.7163285259632284e-07 8.7100008819162078e-07 8.7036869986059016e-07 8.6973868262286911e-07 8.6911003152329445e-07 8.6848274163173697e-07 8.6785680804294203e-07 8.6723222587636489e-07 8.6660899027601394e-07 8.6598709641028978e-07 8.653665394718295e-07 8.6474731467734986e-07 8.6412941726749279e-07 8.6351284250667115e-07 8.6289758568291698e-07 8.6228364210772982e-07 8.6167100711592695e-07 8.6105967606549423e-07 8.6044964433743869e-07 8.5984090733564132e-07 8.5923346048671265e-07 8.5862729923984781e-07 8.5802241906668255e-07 8.5741881546115311e-07 8.5681648393935358e-07 8.5621542003939601e-07 8.5561561932127348e-07 8.550170773667195e-07 8.5441978977907404e-07 8.5382375218314563e-07 8.5322896022507842e-07 8.5263540957221778e-07 8.5204309591297775e-07 8.5145201495671007e-07 8.508621624335726e-07 8.5027353409440125e-07 8.496861257105796e-07 8.4909993307391318e-07 8.4851495199650137e-07 8.4793117831061268e-07 8.4734860786855929e-07 8.4676723654257398e-07 8.4618706022468715e-07 8.4560807482660427e-07 8.4503027627958566e-07 8.444536605343257e-07 8.4387822356083478e-07 8.4330396134831976e-07 8.4273086990506683e-07 8.4215894525832568e-07 8.4158818345419308e-07 8.4101858055749848e-07 8.4045013265168977e-07 8.3988283583872037e-07 8.393166862389369e-07 8.3875167999096795e-07 8.3818781325161317e-07 8.3762508219573319e-07 8.3706348301614189e-07 8.3650301192349649e-07 8.3594366514619144e-07 8.3538543893025127e-07 8.3482832953922508e-07 8.342723332540812e-07 8.3371744637310301e-07 8.3316366521178559e-07 8.3261098610273283e-07 8.3205940539555524e-07 8.3150891945676904e-07 8.3095952466969569e-07 8.3041121743436099e-07 8.2986399416739809e-07 8.2931785130194724e-07 8.2877278528755876e-07 8.2822879259009642e-07 8.2768586969164096e-07 8.2714401309039438e-07 8.2660321930058508e-07 8.2606348485237414e-07 8.2552480629176162e-07 8.24987180180493e-07 8.2445060309596806e-07 8.239150716311486e-07 8.2338058239446832e-07 8.228471320097419e-07 8.2231471711607588e-07 8.2178333436777897e-07 8.2125298043427536e-07 8.2072365200001511e-07 8.2019534576438831e-07 8.1966805844163867e-07 8.1914178676077671e-07 8.1861652746549544e-07 8.1809227731408595e-07 8.1756903307935197e-07 8.1704679154852825e-07 8.1652554952319644e-07 8.1600530381920291e-07 8.1548605126657808e-07 8.1496778870945359e-07 8.1445051300598392e-07 8.139342210282639e-07 8.1341890966225165e-07 8.129045758076878e-07 8.1239121637801836e-07 8.1187882830031656e-07 8.1136740851520526e-07 8.1085695397678056e-07 8.1034746165253587e-07 8.0983892852328587e-07 8.0933135158309106e-07 8.0882472783918382e-07 8.0831905431189398e-07 8.0781432803457515e-07 8.0731054605353165e-07 8.0680770542794608e-07 8.0630580322980702e-07 8.0580483654383745e-07 8.0530480246742369e-07 8.0480569811054492e-07 8.0430752059570274e-07 8.038102670578512e-07 8.0331393464432858e-07 8.0281852051478831e-07 8.0232402184112937e-07 8.0183043580743042e-07 8.0133775960988153e-07 8.008459904567174e-07 8.0035512556815079e-07 7.9986516217630631e-07 7.9937609752515569e-07 7.9888792887045196e-07 7.9840065347966479e-07 7.9791426863191675e-07 7.9742877161791885e-07 7.9694415973990767e-07 7.964604303115826e-07 7.9597758065804218e-07 7.9549560811572312e-07 7.9501451003233805e-07 7.9453428376681473e-07 7.9405492668923401e-07 7.9357643618077089e-07 7.9309880963363337e-07 7.9262204445100255e-07 7.9214613804697484e-07 7.9167108784650092e-07 7.9119689128532897e-07 7.9072354580994569e-07 7.90251048877519e-07 7.8977939795584e-07 7.893085905232665e-07 7.8883862406866663e-07 7.8836949609136207e-07 7.8790120410107182e-07 7.87433745617858e-07 7.8696711817206944e-07 7.865013193042873e-07 7.8603634656527072e-07 7.8557219751590245e-07 7.8510886972713627e-07 7.8464636077994138e-07 7.8418466826525114e-07 7.8372378978391016e-07 7.8326372294662146e-07 7.8280446537389405e-07 7.8234601469599263e-07 7.8188836855288501e-07 7.8143152459419144e-07 7.8097548047913415e-07 7.8052023387648683e-07 7.8006578246452422e-07 7.796121239309727e-07 7.7915925597296154e-07 7.7870717629697212e-07 7.7825588261879079e-07 7.7780537266345962e-07 7.7735564416522849e-07 7.7690669486750686e-07 7.7645852252281678e-07 7.7601112489274528e-07 7.7556449974789706e-07 7.7511864486784854e-07 7.746735580411013e-07 7.7422923706503551e-07 7.7378567974586518e-07 7.733428838985913e-07 7.7290084734695777e-07 7.7245956792340619e-07 7.7201904346903044e-07 7.715792718335336e-07 7.7114025087518326e-07 7.7070197846076704e-07 7.7026445246555034e-07 7.6982767077323247e-07 7.693916312759029e-07 7.689563318740001e-07 7.6852177047626769e-07 7.6808794499971317e-07 7.6765485336956524e-07 7.6722249351923268e-07 7.6679086339026292e-07 7.6635996093230047e-07 7.659297841030461e-07 7.6550033086821676e-07 7.6507159920150468e-07 7.6464358708453684e-07 7.6421629250683576e-07 7.6378971346577998e-07 7.6336384796656349e-07 7.6293869402215785e-07 7.625142496532726e-07 7.6209051288831667e-07 7.6166748176335968e-07 7.6124515432209414e-07 7.6082352861579729e-07 7.6040260270329312e-07 7.5998237465091511e-07 7.5956284253246883e-07 7.591440044291949e-07 7.5872585842973192e-07 7.5830840263008006e-07 7.5789163513356462e-07 7.5747555405079974e-07 7.5706015749965258e-07 7.5664544360520745e-07 7.5623141049972993e-07 7.5581805632263251e-07 7.5540537922043856e-07 7.5499337734674732e-07 7.5458204886220028e-07 7.5417139193444569e-07 7.5376140473810457e-07 7.5335208545473673e-07 7.5294343227280668e-07 7.5253544338765037e-07 7.5212811700144144e-07 7.517214513231575e-07 7.5131544456854813e-07 7.5091009496010101e-07 7.505054007270096e-07 7.5010136010514081e-07 7.4969797133700238e-07 7.4929523267171124e-07 7.4889314236496103e-07 7.4849169867899068e-07 7.4809089988255275e-07 7.4769074425088231e-07 7.4729123006566547e-07 7.468923556150085e-07 7.4649411919340729e-07 7.4609651910171607e-07 7.4569955364711748e-07 7.4530322114309258e-07 7.4490751990939005e-07 7.4451244827199602e-07 7.441180045631059e-07 7.4372418712109335e-07 7.4333099429048088e-07 7.4293842442191194e-07 7.4254647587212017e-07 7.4215514700390185e-07 7.4176443618608656e-07 7.4137434179350851e-07 7.4098486220697834e-07 7.4059599581325532e-07 7.4020774100501829e-07 7.3982009618083904e-07 7.3943305974515323e-07 7.3904663010823355e-07 7.3866080568616258e-07 7.3827558490080476e-07 7.3789096617977979e-07 7.3750694795643533e-07 7.3712352866982096e-07 7.367407067646603e-07 7.3635848069132542e-07 7.3597684890581047e-07 7.3559580986970509e-07 7.3521536205016838e-07 7.3483550391990359e-07 7.3445623395713163e-07 7.3407755064556603e-07 7.3369945247438682e-07 7.3332193793821593e-07 7.3294500553709173e-07 7.3256865377644385e-07 7.3219288116706853e-07 7.318176862251039e-07 7.314430674720045e-07 7.3106902343451863e-07 7.3069555264466217e-07 7.303226536396952e-07 7.2995032496209836e-07 7.2957856515954769e-07 7.292073727848926e-07 7.2883674639612979e-07 7.2846668455638275e-07 7.2809718583387526e-07 7.2772824880191067e-07 7.2735987203884719e-07 7.2699205412807547e-07 7.2662479365799573e-07 7.26258089221995e-07 7.2589193941842389e-07 7.2552634285057548e-07 7.2516129812666114e-07 7.2479680385978987e-07 7.2443285866794517e-07 7.2406946117396368e-07 7.2370661000551249e-07 7.2334430379506865e-07 7.2298254117989581e-07


# name: y_tk_15
# type: matrix
# rows: 1
# columns: 991
 7.4848660373589815e-06 7.1365397521366903e-06 6.8327166142763658e-06 6.5646617815045193e-06 6.3258663775469141e-06 6.1113675282056651e-06 5.9173061648233321e-06 5.7406301968670928e-06 5.5788897540047205e-06 5.4300925453589762e-06 5.2925995312894176e-06 5.1650482686727151e-06 5.0462956529432163e-06 4.9353745110178129e-06 4.8314602518808052e-06 4.733844931858666e-06 4.6419168618980079e-06 4.5551444095175764e-06 4.4730630124434036e-06 4.3952646774960892e-06 4.3213894215174951e-06 4.2511182436719657e-06 4.1841673155035406e-06 4.1202831469785838e-06 4.0592385404889875e-06 4.0008291853853756e-06 3.9448707765488884e-06 3.8911965642908143e-06 3.8396552612938528e-06 3.7901092466904828e-06 3.7424330186794908e-06 3.6965118560283984e-06 3.6522406559343139e-06 3.6095229214234639e-06 3.5682698760683447e-06 3.5283996875262783e-06 3.4898367844359366e-06 3.4525112536895772e-06 3.4163583071381829e-06 3.3813178084704755e-06 3.347333852402832e-06 3.3143543894793101e-06 3.2823308907522596e-06 3.2512180474287484e-06 3.2209735012538707e-06 3.1915576019814278e-06 3.1629331887734571e-06 3.1350653927875849e-06 3.107921458567189e-06 3.08147058215386e-06 3.0556837641028326e-06 3.0305336758066806e-06 3.0059945377262931e-06 2.9820420082956026e-06 2.9586530824116661e-06 2.935805998547796e-06 2.9134801536372043e-06 2.891656024970424e-06 2.8703150984335464e-06 2.8494398024877524e-06 2.8290134473550501e-06 2.809020168931898e-06 2.7894448770023602e-06 2.7702732073666338e-06 2.7514914775398299e-06 2.7330866457105462e-06 2.7150462726794881e-06 2.6973584865257451e-06 2.6800119497726776e-06 2.6629958288470815e-06 2.6462997656447088e-06 2.6299138510325917e-06 2.6138286001341521e-06 2.598034929257063e-06 2.5825241343363576e-06 2.5672878707765638e-06 2.5523181345868092e-06 2.5376072447120211e-06 2.5231478264716081e-06 2.5089327960245184e-06 2.4949553457863273e-06 2.4812089307301708e-06 2.4676872555089064e-06 2.4543842623409384e-06 2.4412941196067689e-06 2.4284112111075063e-06 2.415730125940403e-06 2.4032456489499573e-06 2.390952751716309e-06 2.3788465840455636e-06 2.366922465929333e-06 2.3551758799432218e-06 2.3436024640562201e-06 2.3321980048249981e-06 2.3209584309490039e-06 2.3098798071639574e-06 2.2989583284529542e-06 2.2881903145558274e-06 2.2775722047587882e-06 2.2671005529475802e-06 2.2567720229085437e-06 2.2465833838630484e-06 2.2365315062217018e-06 2.2266133575456871e-06 2.2168259987033687e-06 2.2071665802111227e-06 2.1976323387480446e-06 2.18822059383484e-06 2.1789287446678525e-06 2.1697542670997269e-06 2.1606947107587475e-06 2.151747696299393e-06 2.1429109127770981e-06 2.1341821151406395e-06 2.1255591218359828e-06 2.1170398125157671e-06 2.1086221258489715e-06 2.1003040574256335e-06 2.0920836577517703e-06 2.0839590303299618e-06 2.0759283298212896e-06 2.0679897602846057e-06 2.0601415734892919e-06 2.0523820672979386e-06 2.0447095841155227e-06 2.0371225094018885e-06 2.0296192702444933e-06 2.0221983339885646e-06 2.014858206921946e-06 2.0075974330120778e-06 2.0004145926926878e-06 1.9933083016978903e-06 1.9862772099415264e-06 1.9793200004396846e-06 1.9724353882744438e-06 1.9656221195969894e-06 1.9588789706683532e-06 1.9522047469361042e-06 1.9455982821454067e-06 1.9390584374829503e-06 1.9325841007523218e-06 1.9261741855794639e-06 1.9198276306469264e-06 1.9135433989556976e-06 1.9073204771134368e-06 1.9011578746480067e-06 1.8950546233452414e-06 1.8890097766099628e-06 1.8830224088492619e-06 1.8770916148771569e-06 1.8712165093397454e-06 1.86539622616002e-06 1.8596299180015736e-06 1.8539167557504147e-06 1.8482559280141992e-06 1.8426466406381738e-06 1.8370881162371811e-06 1.8315795937431066e-06 1.826120327967157e-06 1.8207095891764096e-06 1.8153466626840813e-06 1.8100308484529919e-06 1.804761460711732e-06 1.7995378275830458e-06 1.7943592907239805e-06 1.7892252049773616e-06 1.7841349380341724e-06 1.7790878701064438e-06 1.7740833936102623e-06 1.7691209128585318e-06 1.7641998437631391e-06 1.759319613546181e-06 1.7544796604599266e-06 1.7496794335152131e-06 1.7449183922179683e-06 1.7401960063135779e-06 1.73551175553882e-06 1.7308651293811088e-06 1.7262556268447886e-06 1.7216827562242385e-06 1.717146034883554e-06 1.7126449890425822e-06 1.7081791535690915e-06 1.7037480717768739e-06 1.6993512952295796e-06 1.6949883835500877e-06 1.6906589042352373e-06 1.6863624324757352e-06 1.6820985509810723e-06 1.677866849809287e-06 1.673666926201416e-06 1.6694983844204772e-06 1.6653608355948466e-06 1.6612538975658809e-06 1.6571771947396551e-06 1.6531303579426833e-06 1.6491130242814926e-06 1.645124837005938e-06 1.6411654453761298e-06 1.6372345045328758e-06 1.6333316753715092e-06 1.6294566244190209e-06 1.6256090237143742e-06 1.621788550691919e-06 1.6179948880678047e-06 1.6142277237292994e-06 1.6104867506269353e-06 1.6067716666693864e-06 1.6030821746210053e-06 1.5994179820019341e-06 1.5957788009907139e-06 1.592164348329326e-06 1.5885743452305818e-06 1.5850085172878044e-06 1.5814665943867285e-06 1.5779483106195553e-06 1.5744534042011022e-06 1.5709816173869886e-06 1.5675326963937924e-06 1.5641063913211318e-06 1.5607024560756068e-06 1.5573206482965607e-06 1.5539607292835943e-06 1.5506224639258027e-06 1.5473056206326691e-06 1.5440099712665831e-06 1.54073529107693e-06 1.5374813586357129e-06 1.5342479557746644e-06 1.531034867523806e-06 1.5278418820514163e-06 1.5246687906053745e-06 1.5215153874558327e-06 1.5183814698391923e-06 1.5152668379033403e-06 1.5121712946541192e-06 1.5090946459029952e-06 1.506036700215889e-06 1.5029972688631466e-06 1.4999761657706156e-06 1.4969732074717962e-06 1.4939882130610456e-06 1.4910210041478013e-06 1.4880714048118032e-06 1.4851392415592852e-06 1.4822243432801103e-06 1.479326541205833e-06 1.4764456688686545e-06 1.4735815620612578e-06 1.470734058797493e-06 1.467902999273898e-06 1.4650882258320298e-06 1.4622895829215876e-06 1.459506917064305e-06 1.4567400768186021e-06 1.4539889127449631e-06 1.4512532773720374e-06 1.4485330251634363e-06 1.445828012485212e-06 1.4431380975740038e-06 1.4404631405058319e-06 1.4378030031655261e-06 1.4351575492167732e-06 1.4325266440727677e-06 1.4299101548674528e-06 1.4273079504273382e-06 1.424719901243876e-06 1.4221458794463916e-06 1.4195857587755461e-06 1.4170394145573222e-06 1.414506723677525e-06 1.4119875645567802e-06 1.4094818171260186e-06 1.4069893628024417e-06 1.4045100844659488e-06 1.4020438664360237e-06 1.3995905944490616e-06 1.3971501556361345e-06 1.3947224385011799e-06 1.3923073328996078e-06 1.3899047300173062e-06 1.3875145223500548e-06 1.3851366036833169e-06 1.3827708690724171e-06 1.3804172148230875e-06 1.3780755384723765e-06 1.375745738769915e-06 1.3734277156595277e-06 1.3711213702611853e-06 1.3688266048532875e-06 1.3665433228552731e-06 1.3642714288105459e-06 1.3620108283697144e-06 1.359761428274133e-06 1.3575231363397441e-06 1.3552958614412094e-06 1.3530795134963288e-06 1.3508740034507364e-06 1.3486792432628725e-06 1.3464951458892209e-06 1.3443216252698096e-06 1.3421585963139688e-06 1.3400059748863388e-06 1.3378636777931244e-06 1.33573162276859e-06 1.3336097284617919e-06 1.3314979144235408e-06 1.3293961010935894e-06 1.327304209788045e-06 1.3252221626869966e-06 1.3231498828223544e-06 1.3210872940659015e-06 1.319034321117545e-06 1.3169908894937714e-06 1.3149569255162958e-06 1.312932356300904e-06 1.3109171097464829e-06 1.3089111145242348e-06 1.3069143000670758e-06 1.3049265965592075e-06 1.3029479349258641e-06 1.3009782468232315e-06 1.2990174646285315e-06 1.2970655214302711e-06 1.2951223510186527e-06 1.2931878878761393e-06 1.2912620671681788e-06 1.2893448247340757e-06 1.2874360970780125e-06 1.285535821360219e-06 1.2836439353882819e-06 1.2817603776085954e-06 1.2798850870979509e-06 1.2780180035552585e-06 1.2761590672934046e-06 1.2743082192312377e-06 1.2724654008856798e-06 1.2706305543639673e-06 1.2688036223560105e-06 1.2669845481268751e-06 1.2651732755093829e-06 1.2633697488968275e-06 1.2615739132358041e-06 1.2597857140191502e-06 1.2580050972789983e-06 1.2562320095799335e-06 1.2544663980122592e-06 1.2527082101853666e-06 1.2509573942212029e-06 1.2492138987478442e-06 1.2474776728931637e-06 1.245748666278596e-06 1.2440268290130008e-06 1.2423121116866118e-06 1.2406044653650854e-06 1.2389038415836328e-06 1.2372101923412441e-06 1.2355234700949974e-06 1.2338436277544532e-06 1.232170618676133e-06 1.2305043966580789e-06 1.2288449159344956e-06 1.2271921311704692e-06 1.2255459974567679e-06 1.2239064703047131e-06 1.2222735056411331e-06 1.2206470598033844e-06 1.2190270895344496e-06 1.2174135519781046e-06 1.2158064046741571e-06 1.2142056055537529e-06 1.2126111129347526e-06 1.2110228855171702e-06 1.2094408823786831e-06 1.2078650629702013e-06 1.2062953871115033e-06 1.2047318149869324e-06 1.2031743071411547e-06 1.2016228244749787e-06 1.2000773282412306e-06 1.1985377800406918e-06 1.1970041418180916e-06 1.1954763758581545e-06 1.1939544447817064e-06 1.1924383115418336e-06 1.1909279394200937e-06 1.1894232920227818e-06 1.1879243332772461e-06 1.1864310274282575e-06 1.1849433390344254e-06 1.1834612329646665e-06 1.1819846743947184e-06 1.1805136288037052e-06 1.1790480619707453e-06 1.1775879399716109e-06 1.1761332291754262e-06 1.1746838962414164e-06 1.1732399081156975e-06 1.17180123202811e-06 1.1703678354890958e-06 1.1689396862866162e-06 1.1675167524831108e-06 1.166099002412499e-06 1.1646864046772205e-06 1.1632789281453123e-06 1.16187654194753e-06 1.160479215474502e-06 1.1590869183739251e-06 1.1576996205477938e-06 1.1563172921496685e-06 1.1549399035819789e-06 1.1535674254933609e-06 1.152199828776031e-06 1.1508370845631925e-06 1.1494791642264771e-06 1.1481260393734185e-06 1.146777681844959e-06 1.1454340637129882e-06 1.1440951572779137e-06 1.1427609350662623e-06 1.1414313698283128e-06 1.140106434535757e-06 1.1387861023793943e-06 1.1374703467668517e-06 1.1361591413203342e-06 1.1348524598744046e-06 1.1335502764737903e-06 1.1322525653712168e-06 1.1309593010252709e-06 1.129670458098289e-06 1.1283860114542721e-06 1.1271059361568251e-06 1.1258302074671269e-06 1.124558800841919e-06 1.1232916919315242e-06 1.1220288565778877e-06 1.1207702708126418e-06 1.1195159108551966e-06 1.1182657531108513e-06 1.1170197741689304e-06 1.1157779508009444e-06 1.1145402599587673e-06 1.1133066787728437e-06 1.1120771845504119e-06 1.1108517547737499e-06 1.1096303670984456e-06 1.1084129993516844e-06 1.1071996295305571e-06 1.1059902358003921e-06 1.1047847964931035e-06 1.1035832901055613e-06 1.1023856952979808e-06 1.1011919908923283e-06 1.1000021558707515e-06 1.0988161693740225e-06 1.0976340107000033e-06 1.0964556593021277e-06 1.0952810947879017e-06 1.0941102969174202e-06 1.0929432456019031e-06 1.0917799209022477e-06 1.0906203030275966e-06 1.0894643723339265e-06 1.0883121093226461e-06 1.087163494639219e-06 1.0860185090717951e-06 1.0848771335498634e-06 1.0837393491429161e-06 1.0826051370591306e-06 1.081474478644066e-06 1.080347355379374e-06 1.0792237488815258e-06 1.0781036409005527e-06 1.0769870133187997e-06 1.0758738481496965e-06 1.07476412753654e-06 1.0736578337512901e-06 1.0725549491933821e-06 1.0714554563885491e-06 1.0703593379876598e-06 1.0692665767655687e-06 1.0681771556199792e-06 1.0670910575703198e-06 1.0660082657566309e-06 1.0649287634384668e-06 1.0638525339938093e-06 1.0627795609179914e-06 1.0617098278226353e-06 1.0606433184345993e-06 1.0595800165949402e-06 1.0585199062578835e-06 1.0574629714898081e-06 1.056409196468238e-06 1.0553585654808492e-06 1.0543110629244858e-06 1.0532666733041857e-06 1.0522253812322184e-06 1.0511871714271332e-06 1.0501520287128167e-06 1.0491199380175611e-06 1.0480908843731431e-06 1.0470648529139114e-06 1.0460418288758851e-06 1.0450217975958618e-06 1.0440047445105336e-06 1.0429906551556159e-06 1.0419795151649809e-06 1.0409713102698052e-06 1.0399660262977217e-06 1.0389636491719859e-06 1.0379641649106448e-06 1.0369675596257201e-06 1.0359738195223965e-06 1.0349829308982191e-06 1.0339948801423028e-06 1.033009653734543e-06 1.032027238244842e-06 1.0310476203323386e-06 1.0300707867446459e-06 1.0290967243171012e-06 1.0281254199720189e-06 1.0271568607179533e-06 1.0261910336489695e-06 1.0252279259439195e-06 1.0242675248657297e-06 1.0233098177606914e-06 1.0223547920577618e-06 1.0214024352678698e-06 1.0204527349832317e-06 1.01950567887667e-06 1.0185612547009443e-06 1.0176194502880827e-06 1.0166802535487266e-06 1.0157436524714759e-06 1.0148096351222469e-06 1.01387818964363e-06 1.0129493042542617e-06 1.0120229672481953e-06 1.0110991669942823e-06 1.0101778919355602e-06 1.0092591305886432e-06 1.0083428715431234e-06 1.007429103460973e-06 1.0065178150759574e-06 1.0056089951930499e-06 1.0047026326878561e-06 1.0037987165060389e-06 1.0028972356627567e-06 1.0019981792420976e-06 1.0011015363965288e-06 1.0002072963463439e-06 9.9931544837911991e-07 9.9842598184917738e-07 9.9753888617704789e-07 9.9665415084894516e-07 9.9577176541624049e-07 9.9489171949494605e-07 9.9401400276520099e-07 9.9313860497076342e-07 9.9226551591850555e-07 9.9139472547791841e-07 9.9052622358061507e-07 9.896600002198423e-07 9.8879604544999844e-07 9.8793434938615097e-07 9.8707490220356262e-07 9.8621769413722209e-07 9.853627154813759e-07 9.8450995658906839e-07 9.8365940787168417e-07 9.828110597984947e-07 9.8196490289621087e-07 9.8112092774853701e-07 9.8027912499573343e-07 9.794394853341766e-07 9.786019995159322e-07 9.7776665834832171e-07 9.7693345269350434e-07 9.7610237346805208e-07 9.7527341164253782e-07 9.7444655824112048e-07 9.7362180434113785e-07 9.7279914107270357e-07 9.7197855961830357e-07 9.7116005121240171e-07 9.7034360714104512e-07 9.6952921874147517e-07 9.6871687740174144e-07 9.6790657456031844e-07 9.6709830170572763e-07 9.6629205037616112e-07 9.6548781215911064e-07 9.6468557869099745e-07 9.6388534165680785e-07 9.6308709278973193e-07 9.6229082387080317e-07 9.614965267285446e-07 9.6070419323861578e-07 9.5991381532346319e-07 9.5912538495197612e-07 9.5833889413914279e-07 9.5755433494571006e-07 9.567716994778488e-07 9.5599097988681769e-07 9.5521216836863537e-07 9.5443525716375054e-07 9.5366023855671838e-07 9.5288710487587922e-07 9.5211584849303761e-07 9.5134646182314882e-07 9.5057893732400333e-07 9.498132674959173e-07 9.4904944488142549e-07 9.4828746206497413e-07 9.4752731167262071e-07 9.4676898637173304e-07 9.4601247887069235e-07 9.4525778191859943e-07 9.4450488830498138e-07 9.4375379085950376e-07 9.4300448245168325e-07 9.422569559906029e-07 9.4151120442463105e-07 9.4076722074114054e-07 9.4002499796623414e-07 9.3928452916446748e-07 9.3854580743857866e-07 9.3780882592921704e-07 9.3707357781467742e-07 9.3634005631063257e-07 9.3560825466987269e-07 9.3487816618204266e-07 9.3414978417338547e-07 9.3342310200648465e-07 9.3269811308001011e-07 9.3197481082846782e-07 9.3125318872194895e-07 9.3053324026588153e-07 9.2981495900078682e-07 9.2909833850203445e-07 9.2838337237960185e-07 9.2767005427783404e-07 9.2695837787520735e-07 9.2624833688409405e-07 9.2553992505052812e-07 9.2483313615397444e-07 9.241279640070996e-07 9.2342440245554462e-07 9.2272244537769768e-07 9.2202208668447302e-07 9.2132332031908691e-07 9.206261402568389e-07 9.1993054050489295e-07 9.1923651510206146e-07 9.1854405811859056e-07 9.1785316365594799e-07 9.171638258466099e-07 9.1647603885385467e-07 9.157897968715533e-07 9.1510509412396368e-07 9.1442192486552674e-07 9.137402833806647e-07 9.1306016398357858e-07 9.1238156101805045e-07 9.1170446885724541e-07 9.1102888190351521e-07 9.1035479458820479e-07 9.0968220137145822e-07 9.0901109674202915e-07 9.0834147521708866e-07 9.0767333134204063e-07 9.0700665969033161e-07 9.0634145486326774e-07 9.0567771148983079e-07 9.0501542422649593e-07 9.0435458775705082e-07 9.0369519679241633e-07 9.0303724607046942e-07 9.0238073035586598e-07 9.0172564443986658e-07 9.0107198314016177e-07 9.0041974130070138e-07 8.9976891379152311e-07 8.9911949550858165e-07 8.9847148137358361e-07 8.9782486633381738e-07 8.9717964536199046e-07 8.9653581345606309e-07 8.9589336563908703e-07 8.9525229695904288e-07 8.9461260248868079e-07 8.9397427732536008e-07 8.9333731659089265e-07 8.9270171543138554e-07 8.9206746901708629e-07 8.9143457254222824e-07 8.9080302122487799e-07 8.9017281030678285e-07 8.8954393505322188e-07 8.8891639075285498e-07 8.8829017271757472e-07 8.8766527628236047e-07 8.8704169680513117e-07 8.8641942966660081e-07 8.8579847027013565e-07 8.8517881404160978e-07 8.8456045642926591e-07 8.8394339290357227e-07 8.8332761895708582e-07 8.8271313010431234e-07 8.8209992188156957e-07 8.8148798984685168e-07 8.8087732957969266e-07 8.8026793668103419e-07 8.7965980677309048e-07 8.7905293549921796e-07 8.7844731852378288e-07 8.7784295153203213e-07 8.7723983022996331e-07 8.7663795034419726e-07 8.7603730762185101e-07 8.7543789783041051e-07 8.7483971675760664e-07 8.7424276021128954e-07 8.7364702401930716e-07 8.7305250402938074e-07 8.7245919610898414e-07 8.7186709614522363e-07 8.7127620004471729e-07 8.7068650373347679e-07 8.7009800315678897e-07 8.6951069427909919e-07 8.6892457308389464e-07 8.6833963557358954e-07 8.6775587776941001e-07 8.671732957112805e-07 8.6659188545771182e-07 8.6601164308568759e-07 8.6543256469055449e-07 8.6485464638591116e-07 8.6427788430349906e-07 8.6370227459309308e-07 8.631278134223943e-07 8.625544969769226e-07 8.6198232145990998e-07 8.6141128309219528e-07 8.6084137811211926e-07 8.6027260277542073e-07 8.5970495335513219e-07 8.5913842614147929e-07 8.585730174417771e-07 8.5800872358032966e-07 8.5744554089832986e-07 8.5688346575375975e-07 8.5632249452129121e-07 8.5576262359218791e-07 8.5520384937420832e-07 8.5464616829150863e-07 8.5408957678454573e-07 8.5353407130998313e-07 8.5297964834059544e-07 8.5242630436517486e-07 8.5187403588843697e-07 8.5132283943092892e-07 8.5077271152893637e-07 8.5022364873439329e-07 8.4967564761478981e-07 8.4912870475308333e-07 8.4858281674760837e-07 8.4803798021198767e-07 8.4749419177504397e-07 8.469514480807133e-07 8.4640974578795636e-07 8.4586908157067362e-07 8.4532945211761887e-07 8.4479085413231376e-07 8.4425328433296405e-07 8.4371673945237469e-07 8.4318121623786768e-07 8.4264671145119732e-07 8.4211322186847024e-07 8.4158074428006175e-07 8.4104927549053615e-07 8.4051881231856538e-07 8.3998935159684919e-07 8.3946089017203586e-07 8.3893342490464351e-07 8.3840695266898165e-07 8.3788147035307252e-07 8.3735697485857516e-07 8.3683346310070801e-07 8.363109320081728e-07 8.3578937852307865e-07 8.3526879960086746e-07 8.3474919221023862e-07 8.3423055333307535e-07 8.3371287996437081e-07 8.3319616911215531e-07 8.3268041779742328e-07 8.32165623054061e-07 8.3165178192877556e-07 8.3113889148102389e-07 8.3062694878294047e-07 8.3011595091926881e-07 8.296058949872915e-07 8.2909677809676016e-07 8.2858859736982753e-07 8.2808134994097796e-07 8.2757503295696118e-07 8.2706964357672354e-07 8.2656517897134165e-07 8.2606163632395567e-07 8.2555901282970345e-07 8.2505730569565468e-07 8.245565121407463e-07 8.2405662939571673e-07 8.2355765470304207e-07 8.2305958531687253e-07 8.2256241850296902e-07 8.220661515386387e-07 8.2157078171267446e-07 8.2107630632529155e-07 8.2058272268806491e-07 8.2009002812387044e-07 8.1959821996682083e-07 8.1910729556220712e-07 8.1861725226643791e-07 8.1812808744697969e-07 8.1763979848229692e-07 8.1715238276179363e-07 8.166658376857546e-07 8.1618016066528725e-07 8.156953491222629e-07 8.1521140048926095e-07 8.1472831220951043e-07 8.142460817368337e-07 8.1376470653558976e-07 8.1328418408061882e-07 8.128045118571871e-07 8.1232568736092968e-07 8.1184770809779721e-07 8.1137057158400132e-07 8.1089427534595973e-07 8.1041881692024208e-07 8.0994419385351791e-07 8.0947040370250206e-07 8.0899744403390233e-07 8.0852531242436731e-07 8.0805400646043394e-07 8.0758352373847536e-07 8.0711386186464971e-07 8.0664501845484978e-07 8.0617699113465047e-07 8.0570977753925968e-07 8.0524337531346767e-07 8.0477778211159742e-07 8.0431299559745436e-07 8.0384901344427816e-07 8.0338583333469318e-07 8.0292345296065969e-07 8.0246187002342587e-07 8.0200108223348009e-07 8.0154108731050263e-07 8.0108188298331903e-07 8.0062346698985192e-07 8.0016583707707506e-07 7.9970899100096705e-07 7.9925292652646373e-07 7.9879764142741378e-07 7.9834313348653289e-07 7.9788940049535694e-07 7.9743644025419896e-07 7.9698425057210299e-07 7.965328292667997e-07 7.9608217416466301e-07 7.9563228310066495e-07 7.9518315391833301e-07 7.9473478446970588e-07 7.9428717261529089e-07 7.9384031622402121e-07 7.9339421317321249e-07 7.9294886134852109e-07 7.9250425864390219e-07 7.9206040296156773e-07 7.9161729221194396e-07 7.9117492431363166e-07 7.9073329719336448e-07 7.9029240878596713e-07 7.8985225703431667e-07 7.8941283988930053e-07 7.8897415530977767e-07 7.8853620126253763e-07 7.8809897572226183e-07 7.8766247667148413e-07 7.8722670210055122e-07 7.8679165000758414e-07 7.8635731839843971e-07 7.8592370528667203e-07 7.854908086934943e-07 7.8505862664774066e-07 7.8462715718582909e-07 7.8419639835172334e-07 7.8376634819689622e-07 7.83337004780292e-07 7.8290836616829e-07 7.8248043043466795e-07 7.8205319566056588e-07 7.8162665993444907e-07 7.8120082135207332e-07 7.8077567801644861e-07 7.8035122803780359e-07 7.7992746953355034e-07 7.795044006282493e-07 7.790820194535749e-07 7.7866032414828034e-07 7.7823931285816265e-07 7.7781898373602994e-07 7.7739933494166609e-07 7.7698036464179724e-07 7.7656207101005837e-07 7.7614445222695969e-07 7.7572750647985367e-07 7.7531123196290133e-07 7.7489562687704025e-07 7.7448068942995106e-07 7.7406641783602572e-07 7.7365281031633475e-07 7.7323986509859542e-07 7.7282758041713993e-07 7.7241595451288318e-07 7.7200498563329155e-07 7.7159467203235231e-07 7.7118501197054122e-07 7.707760037147916e-07 7.70367645538465e-07 7.6995993572131936e-07 7.6955287254947826e-07 7.6914645431540217e-07 7.6874067931785643e-07 7.6833554586188323e-07 7.6793105225877044e-07 7.6752719682602286e-07 7.6712397788733221e-07 7.6672139377254878e-07 7.6631944281765137e-07 7.659181233647193e-07 7.6551743376190301e-07 7.6511737236339546e-07 7.6471793752940492e-07 7.6431912762612513e-07 7.6392094102570814e-07 7.6352337610623621e-07 7.6312643125169457e-07 7.6273010485194252e-07 7.6233439530268726e-07 7.6193930100545628e-07 7.6154482036756994e-07 7.6115095180211465e-07 7.6075769372791633e-07 7.603650445695135e-07 7.5997300275713091e-07 7.5958156672665246e-07 7.5919073491959617e-07 7.5880050578308744e-07 7.5841087776983328e-07 7.5802184933809653e-07 7.5763341895167016e-07 7.572455850798515e-07 7.5685834619741797e-07 7.5647170078460061e-07 7.5608564732705962e-07 7.5570018431586002e-07 7.5531531024744537e-07 7.5493102362361515e-07 7.5454732295149759e-07 7.5416420674352879e-07 7.5378167351742479e-07 7.5339972179616068e-07 7.530183501079445e-07 7.5263755698619429e-07 7.5225734096951457e-07 7.5187770060167223e-07 7.5149863443157329e-07 7.5112014101324008e-07 7.5074221890578719e-07 7.5036486667339942e-07 7.4998808288530781e-07 7.4961186611576806e-07 7.4923621494403657e-07 7.4886112795434944e-07 7.4848660373589811e-07


# name: y_tk_30
# type: matrix
# rows: 1
# columns: 991
 8.3482832953922502e-06 7.9597758065804218e-06 7.6209051288831667e-06 7.3219288116706847e-06 7.0555871467797612e-06 6.816344767303822e-06 6.5998974414439431e-06 6.4028410045452063e-06 6.2224429813076761e-06 6.0564812599972206e-06 5.9031277294382375e-06 5.760862781783285e-06 5.6284114495576362e-06 5.5046949913578826e-06 5.3887936954126258e-06 5.2799179531551547e-06 5.1773855140975015e-06 5.080603419255443e-06 4.9890535167406132e-06 4.9022807492911684e-06 4.8198836078659715e-06 4.741506293265113e-06 4.6668322359807575e-06 4.5955787046182768e-06 4.5274922931732023e-06 4.4623451227265591e-06 4.399931627629296e-06 4.3400658227704121e-06 4.2825789690732808e-06 4.2273175704053469e-06 4.1741416476961251e-06 4.1229232460371464e-06 4.073545138484159e-06 4.0258996966480671e-06 3.9798879032902101e-06 3.9354184862921586e-06 3.8924071567527822e-06 3.8507759367327873e-06 3.8104525644415833e-06 3.7713699665393962e-06 3.7334657887846057e-06 3.6966819775525482e-06 3.6609644058353423e-06 3.6262625382409993e-06 3.5925291302750844e-06 3.5597199578344078e-06 3.5277935733898806e-06 3.4967110858013188e-06 3.4664359611040553e-06 3.4369338419468506e-06 3.408172383651911e-06 3.3801211051183422e-06 3.3527512530064523e-06 3.3260356778270757e-06 3.2999487207219716e-06 3.2744661098619817e-06 3.2495648655120726e-06 3.2252232129192281e-06 3.2014205022726032e-06 3.1781371350672585e-06 3.1553544962746665e-06 3.1330548917864854e-06 3.1112214906538381e-06 3.0898382716936243e-06 3.0688899740769311e-06 3.0483620515532662e-06 3.0282406299986103e-06 3.0085124680057653e-06 2.9891649202626614e-06 2.9701859034884807e-06 2.9515638647191187e-06 2.9332877517528633e-06 2.9153469855845192e-06 2.8977314346717807e-06 2.8804313908916425e-06 2.8634375470572242e-06 2.8467409758767129e-06 2.8303331102463772e-06 2.8142057247788181e-06 2.7983509184759917e-06 2.7827610984640834e-06 2.7674289647141881e-06 2.7523474956789413e-06 2.7375099347809172e-06 2.7229097776937335e-06 2.7085407603614726e-06 2.6943968477063133e-06 2.680472222978117e-06 2.6667612777032898e-06 2.6532586021934738e-06 2.6399589765775773e-06 2.6268573623233907e-06 2.6139488942175039e-06 2.6012288727745302e-06 2.5886927570487507e-06 2.5763361578231923e-06 2.5641548311529527e-06 2.5521446722411905e-06 2.5403017096277215e-06 2.5286220996715333e-06 2.5171021213098006e-06 2.5057381710771919e-06 2.4945267583703066e-06 2.4834645009431309e-06 2.4725481206202883e-06 2.4617744392157681e-06 2.4511403746455842e-06 2.4406429372235618e-06 2.4302792261301518e-06 2.4200464260447998e-06 2.4099418039329857e-06 2.3999627059796152e-06 2.3901065546609466e-06 2.3803708459477123e-06 2.3707531466325565e-06 2.3612510917752951e-06 2.3518623822599205e-06 2.3425847824576149e-06 2.3334161179903788e-06 2.3243542735901945e-06 2.3153971910489415e-06 2.3065428672545512e-06 2.2977893523091384e-06 2.2891347477251099e-06 2.2805772046954502e-06 2.272114922434607e-06 2.2637461465866007e-06 2.2554691676971563e-06 2.2472823197468446e-06 2.2391839787423661e-06 2.2311725613632795e-06 2.2232465236616082e-06 2.2154043598119084e-06 2.2076446009094951e-06 2.1999658138146476e-06 2.1923666000407316e-06 2.1848455946842834e-06 2.1774014653951902e-06 2.1700329113852056e-06 2.1627386624731292e-06 2.1555174781650503e-06 2.1483681467681538e-06 2.1412894845366404e-06 2.1342803348484018e-06 2.1273395674111523e-06 2.1204660774967695e-06 2.1136587852026735e-06 2.1069166347391308e-06 2.1002385937413973e-06 2.0936236526056963e-06 2.0870708238480626e-06 2.0805791414851145e-06 2.0741476604358923e-06 2.0677754559439004e-06 2.0614616230185732e-06 2.0552052758953786e-06 2.0490055475138387e-06 2.0428615890127723e-06 2.0367725692420795e-06 2.0307376742904438e-06 2.0247561070283368e-06 2.0188270866657402e-06 2.0129498483240335e-06 2.0071236426215119e-06 2.0013477352720249e-06 1.9956214066962453e-06 1.989943951645105e-06 1.9843146788349486e-06 1.9787329105939776e-06 1.9731979825195672e-06 1.9677092431460793e-06 1.9622660536227732e-06 1.9568677874014695e-06 1.9515138299336103e-06 1.9462035783763911e-06 1.9409364413076388e-06 1.9357118384491302e-06 1.9305292003980636e-06 1.9253879683663936e-06 1.9202875939277618e-06 1.9152275387717648e-06 1.9102072744653055e-06 1.9052262822207917e-06 1.9002840526709439e-06 1.8953800856500056e-06 1.8905138899811215e-06 1.8856849832696977e-06 1.880892891702534e-06 1.8761371498525455e-06 1.8714173004888859e-06 1.8667328943923028e-06 1.8620834901755458e-06 1.8574686541086777e-06 1.8528879599491169e-06 1.8483409887762741e-06 1.8438273288306302e-06 1.8393465753571095e-06 1.8348983304526278e-06 1.8304822029176712e-06 1.82609780811179e-06 1.8217447678128746e-06 1.8174227100801132e-06 1.8131312691204996e-06 1.8088700851588009e-06 1.8046388043108643e-06 1.8004370784601718e-06 1.7962645651375422e-06 1.7921209274038831e-06 1.7880058337359073e-06 1.7839189579147221e-06 1.7798599789172039e-06 1.7758285808100844e-06 1.7718244526466594e-06 1.76784728836605e-06 1.7638967866949403e-06 1.7599726510517182e-06 1.756074589452953e-06 1.7522023144221424e-06 1.7483555429006594e-06 1.7445339961608461e-06 1.7407373997211799e-06 1.7369654832634741e-06 1.7332179805520274e-06 1.7294946293546997e-06 1.7257951713658335e-06 1.722119352130988e-06 1.7184669209734253e-06 1.714837630922306e-06 1.7112312386425467e-06 1.7076475043662913e-06 1.7040861918259555e-06 1.7005470681888023e-06 1.6970299039930025e-06 1.693534473085148e-06 1.6900605525591711e-06 1.6866079226966393e-06 1.6831763669083859e-06 1.6797656716774405e-06 1.6763756265032261e-06 1.673006023846993e-06 1.66965665907845e-06 1.6663273304235712e-06 1.6630178389135379e-06 1.6597279883347958e-06 1.6564575851801928e-06 1.6532064386011699e-06 1.6499743603609858e-06 1.6467611647889364e-06 1.6435666687355579e-06 1.6403906915287768e-06 1.6372330549309909e-06 1.6340935830970565e-06 1.6309721025331562e-06 1.6278684420565276e-06 1.6247824327560363e-06 1.6217139079535607e-06 1.6186627031661817e-06 1.6156286560691505e-06 1.612611606459614e-06 1.6096113962210901e-06 1.6066278692886574e-06 1.6036608716148606e-06 1.6007102511363016e-06 1.5977758577409039e-06 1.5948575432358375e-06 1.5919551613160842e-06 1.589068567533629e-06 1.5861976192672663e-06 1.5833421756930014e-06 1.5805020977550378e-06 1.5776772481373333e-06 1.5748674912357162e-06 1.5720726931305412e-06 1.5692927215598828e-06 1.5665274458932425e-06 1.5637767371057698e-06 1.5610404677529739e-06 1.5583185119459231e-06 1.5556107453269188e-06 1.552917045045634e-06 1.5502372897356969e-06 1.5475713594917304e-06 1.5449191358468122e-06 1.5422805017503663e-06 1.5396553415464649e-06 1.5370435409525356e-06 1.5344449870384656e-06 1.5318595682060922e-06 1.5292871741690735e-06 1.5267276959331268e-06 1.5241810257766331e-06 1.5216470572315941e-06 1.5191256850649377e-06 1.5166168052601601e-06 1.5141203149993052e-06 1.511636112645265e-06 1.5091640977244003e-06 1.506704170909473e-06 1.5042562340028827e-06 1.501820189920202e-06 1.4993959426740048e-06 1.4969833973579809e-06 1.4945824601313307e-06 1.4921930382034319e-06 1.4898150398187799e-06 1.4874483742421865e-06 1.4850929517442403e-06 1.4827486835870166e-06 1.4804154820100366e-06 1.4780932602164671e-06 1.4757819323595594e-06 1.4734814135293204e-06 1.47119161973941e-06 1.4689124679142633e-06 1.4666438758764316e-06 1.4643857623341371e-06 1.4621380468690373e-06 1.4599006499241965e-06 1.4576734927922594e-06 1.4554564976038211e-06 1.4532495873159915e-06 1.4510526857011508e-06 1.4488657173358903e-06 1.4466886075901371e-06 1.4445212826164573e-06 1.4423636693395344e-06 1.4402156954458212e-06 1.4380772893733608e-06 1.4359483803017714e-06 1.4338288981423963e-06 1.4317187735286121e-06 1.4296179378062921e-06 1.4275263230244269e-06 1.4254438619258899e-06 1.4233704879383564e-06 1.4213061351653641e-06 1.4192507383775157e-06 1.4172042330038237e-06 1.4151665551231886e-06 1.4131376414560137e-06 1.4111174293559522e-06 1.4091058568017822e-06 1.4071028623894091e-06 1.4051083853239928e-06 1.4031223654121987e-06 1.4011447430545659e-06 1.3991754592379958e-06 1.3972144555283571e-06 1.3952616740632004e-06 1.3933170575445905e-06 1.3913805492320417e-06 1.3894520929355668e-06 1.3875316330088283e-06 1.3856191143423936e-06 1.3837144823570941e-06 1.3818176829974817e-06 1.3799286627253864e-06 1.3780473685135697e-06 1.3761737478394706e-06 1.374307748679049e-06 1.3724493195007168e-06 1.370598409259362e-06 1.3687549673904586e-06 1.3669189438042671e-06 1.3650902888801142e-06 1.3632689534607644e-06 1.3614548888468668e-06 1.3596480467914876e-06 1.3578483794947195e-06 1.3560558395983725e-06 1.3542703801807361e-06 1.352491954751425e-06 1.3507205172462903e-06 1.3489560220224119e-06 1.3471984238531565e-06 1.3454476779233103e-06 1.3437037398242789e-06 1.3419665655493555e-06 1.3402361114890585e-06 1.3385123344265309e-06 1.3367951915330098e-06 1.3350846403633557e-06 1.3333806388516449e-06 1.3316831453068263e-06 1.3299921184084365e-06 1.3283075172023743e-06 1.3266293010967369e-06 1.3249574298577088e-06 1.3232918636055143e-06 1.3216325628104182e-06 1.3199794882887887e-06 1.3183326011992083e-06 1.3166918630386425e-06 1.3150572356386583e-06 1.3134286811616954e-06 1.3118061620973861e-06 1.3101896412589282e-06 1.3085790817795048e-06 1.3069744471087519e-06 1.3053757010092764e-06 1.3037828075532172e-06 1.3021957311188545e-06 1.3006144363872651e-06 1.2990388883390203e-06 1.2974690522509276e-06 1.2959048936928183e-06 1.2943463785243754e-06 1.2927934728920027e-06 1.2912461432257377e-06 1.2897043562362022e-06 1.2881680789115964e-06 1.2866372785147269e-06 1.2851119225800808e-06 1.2835919789109291e-06 1.2820774155764763e-06 1.2805682009090412e-06 1.2790643035012758e-06 1.2775656922034208e-06 1.2760723361205952e-06 1.2745842046101211e-06 1.2731012672788839e-06 1.2716234939807234e-06 1.270150854813861e-06 1.268683320118359e-06 1.2672208604736102e-06 1.2657634466958613e-06 1.2643110498357668e-06 1.2628636411759744e-06 1.2614211922287392e-06 1.2599836747335691e-06 1.2585510606549007e-06 1.2571233221797985e-06 1.2557004317156938e-06 1.2542823618881383e-06 1.2528690855385959e-06 1.251460575722258e-06 1.2500568057058842e-06 1.2486577489656722e-06 1.2472633791851537e-06 1.2458736702531127e-06 1.2444885962615354e-06 1.243108131503578e-06 1.2417322504715657e-06 1.2403609278550114e-06 1.23899413853866e-06 1.2376318576005581e-06 1.2362740603101441e-06 1.2349207221263625e-06 1.2335718186958007e-06 1.2322273258508496e-06 1.2308872196078841e-06 1.229551476165467e-06 1.228220071902571e-06 1.2268929833768281e-06 1.2255701873227923e-06 1.2242516606502296e-06 1.2229373804424227e-06 1.2216273239545002e-06 1.2203214686117811e-06 1.2190197920081429e-06 1.2177222719044059e-06 1.2164288862267375e-06 1.2151396130650761e-06 1.2138544306715694e-06 1.2125733174590367e-06 1.211296251999444e-06 1.2100232130223999e-06 1.2087541794136664e-06 1.2074891302136891e-06 1.2062280446161424e-06 1.2049709019664931e-06 1.2037176817605789e-06 1.2024683636432042e-06 1.2012229274067515e-06 1.1999813529898076e-06 1.1987436204758084e-06 1.1975097100916945e-06 1.1962796022065871e-06 1.1950532773304733e-06 1.1938307161129122e-06 1.1926118993417501e-06 1.1913968079418535e-06 1.1901854229738561e-06 1.1889777256329167e-06 1.1877736972474942e-06 1.1865733192781359e-06 1.1853765733162782e-06 1.1841834410830603e-06 1.1829939044281517e-06 1.1818079453285926e-06 1.1806255458876475e-06 1.1794466883336709e-06 1.1782713550189841e-06 1.1770995284187668e-06 1.1759311911299603e-06 1.1747663258701795e-06 1.1736049154766415e-06 1.1724469429051024e-06 1.1712923912288075e-06 1.170141243637451e-06 1.1689934834361493e-06 1.1678490940444223e-06 1.1667080589951894e-06 1.1655703619337732e-06 1.1644359866169148e-06 1.1633049169118005e-06 1.1621771367950973e-06 1.1610526303520001e-06 1.1599313817752881e-06 1.1588133753643922e-06 1.1576985955244708e-06 1.1565870267654963e-06 1.1554786537013519e-06 1.1543734610489351e-06 1.1532714336272756e-06 1.1521725563566571e-06 1.1510768142577511e-06 1.1499841924507607e-06 1.1488946761545692e-06 1.147808250685903e-06 1.1467249014584995e-06 1.1456446139822836e-06 1.1445673738625552e-06 1.1434931667991821e-06 1.1424219785858046e-06 1.1413537951090445e-06 1.1402886023477253e-06 1.1392263863720986e-06 1.1381671333430795e-06 1.1371108295114888e-06 1.1360574612173035e-06 1.1350070148889159e-06 1.1339594770423975e-06 1.1329148342807726e-06 1.1318730732933006e-06 1.1308341808547595e-06 1.1297981438247455e-06 1.128764949146972e-06 1.1277345838485781e-06 1.1267070350394473e-06 1.1256822899115272e-06 1.1246603357381611e-06 1.1236411598734223e-06 1.1226247497514592e-06 1.1216110928858414e-06 1.1206001768689198e-06 1.1195919893711831e-06 1.1185865181406326e-06 1.1175837510021505e-06 1.1165836758568865e-06 1.1155862806816398e-06 1.1145915535282553e-06 1.1135994825230207e-06 1.1126100558660718e-06 1.1116232618308041e-06 1.1106390887632865e-06 1.1096575250816857e-06 1.108678559275692e-06 1.1077021799059544e-06 1.1067283756035163e-06 1.1057571350692628e-06 1.1047884470733674e-06 1.1038223004547476e-06 1.1028586841205257e-06 1.101897587045492e-06 1.1009389982715765e-06 1.099982906907324e-06 1.099029302127373e-06 1.0980781731719429e-06 1.0971295093463226e-06 1.0961833000203658e-06 1.0952395346279917e-06 1.0942982026666868e-06 1.0933592936970179e-06 1.0924227973421417e-06 1.0914887032873274e-06 1.0905570012794749e-06 1.0896276811266465e-06 1.0887007326975951e-06 1.0877761459213031e-06 1.0868539107865207e-06 1.0859340173413116e-06 1.085016455692603e-06 1.0841012160057358e-06 1.0831882885040246e-06 1.0822776634683181e-06 1.0813693312365646e-06 1.0804632822033812e-06 1.0795595068196273e-06 1.0786579955919821e-06 1.0777587390825254e-06 1.076861727908323e-06 1.075966952741015e-06 1.0750744043064095e-06 1.0741840733840769e-06 1.0732959508069523e-06 1.0724100274609366e-06 1.071526294284506e-06 1.0706447422683202e-06 1.0697653624548389e-06 1.0688881459379388e-06 1.0680130838625338e-06 1.0671401674242009e-06 1.0662693878688077e-06 1.0654007364921434e-06 1.064534204639553e-06 1.0636697837055762e-06 1.0628074651335884e-06 1.0619472404154434e-06 1.0610891010911226e-06 1.0602330387483848e-06 1.0593790450224194e-06 1.0585271115955047e-06 1.0576772301966652e-06 1.0568293926013367e-06 1.0559835906310308e-06 1.0551398161530035e-06 1.0542980610799276e-06 1.0534583173695654e-06 1.0526205770244484e-06 1.0517848320915554e-06 1.0509510746619966e-06 1.0501192968706986e-06 1.0492894908960923e-06 1.0484616489598061e-06 1.0476357633263567e-06 1.0468118263028484e-06 1.0459898302386693e-06 1.0451697675251961e-06 1.0443516305954951e-06 1.0435354119240313e-06 1.0427211040263765e-06 1.0419086994589219e-06 1.0410981908185911e-06 1.0402895707425575e-06 1.0394828319079635e-06 1.0386779670316425e-06 1.0378749688698409e-06 1.0370738302179462e-06 1.036274543910214e-06 1.0354771028195006e-06 1.0346814998569938e-06 1.0338877279719502e-06 1.0330957801514322e-06 1.0323056494200473e-06 1.03151732883969e-06 1.0307308115092866e-06 1.0299460905645415e-06 1.0291631591776839e-06 1.0283820105572214e-06 1.0276026379476893e-06 1.0268250346294073e-06 1.0260491939182356e-06 1.0252751091653334e-06 1.0245027737569193e-06 1.0237321811140358e-06 1.0229633246923102e-06 1.0221961979817254e-06 1.0214307945063861e-06 1.0206671078242891e-06 1.0199051315270959e-06 1.0191448592399076e-06 1.0183862846210398e-06 1.0176294013618011e-06 1.0168742031862724e-06 1.0161206838510886e-06 1.0153688371452219e-06 1.0146186568897659e-06 1.0138701369377242e-06 1.0131232711737954e-06 1.0123780535141684e-06 1.0116344779063094e-06 1.0108925383287572e-06 1.01015222879092e-06 1.0094135433328701e-06 1.0086764760251429e-06 1.0079410209685373e-06 1.0072071722939177e-06 1.0064749241620168e-06 1.00574427076324e-06 1.0050152063174726e-06 1.0042877250738879e-06 1.0035618213107564e-06 1.0028374893352551e-06 1.0021147234832838e-06 1.0013935181192752e-06 1.0006738676360129e-06 9.9995576645444631e-07 9.9923920902351123e-07 9.9852418981994782e-07 9.9781070334812267e-07 9.9709874413985091e-07 9.9638830675422041e-07 9.9567938577741735e-07 9.9497197582255273e-07 9.9426607152949005e-07 9.9356166756467586e-07 9.9285875862096912e-07 9.9215733941747432e-07 9.9145740469937501e-07 9.9075894923776613e-07 9.9006196782949349e-07 9.8936645529698879e-07 9.8867240648810741e-07 9.8797981627597112e-07 9.8728867955880518e-07 9.8659899125978358e-07 9.8591074632687083e-07 9.8522393973266701e-07 9.8453856647425352e-07 9.8385462157303965e-07 9.8317210007461151e-07 9.8249099704858027e-07 9.818113075884339e-07 9.8113302681138659e-07 9.8045614985823394e-07 9.7978067189320493e-07 9.7910658810381749e-07 9.7843389370073473e-07 9.7776258391762117e-07 9.7709265401100229e-07 9.7642409926012228e-07 9.7575691496680513e-07 9.7509109645531545e-07 9.7442663907222217e-07 9.7376353818626019e-07 9.7310178918819556e-07 9.7244138749069116e-07 9.7178232852817291e-07 9.7112460775669743e-07 9.7046822065381942e-07 9.6981316271846278e-07 9.6915942947078967e-07 9.6850701645207224e-07 9.6785591922456512e-07 9.6720613337137793e-07 9.6655765449635041e-07 9.6591047822392675e-07 9.65264600199032e-07 9.6462001608694838e-07 9.6397672157319434e-07 9.6333471236340178e-07 9.6269398418319681e-07 9.6205453277807927e-07 9.6141635391330496e-07 9.6077944337376752e-07 9.601437969638809e-07 9.5950941050746456e-07 9.5887627984762637e-07 9.5824440084665063e-07 9.576137693858824e-07 9.5698438136561594e-07 9.5635623270498162e-07 9.5572931934183684e-07 9.5510363723265299e-07 9.5447918235240806e-07 9.5385595069447699e-07 9.5323393827052444e-07 9.5261314111039583e-07 9.5199355526201288e-07 9.513751767912668e-07 9.5075800178191419e-07 9.5014202633547195e-07 9.4952724657111463e-07 9.4891365862557081e-07 9.4830125865302259e-07 9.4769004282500282e-07 9.4708000733029553e-07 9.4647114837483591e-07 9.4586346218161089e-07 9.4525694499056084e-07 9.4465159305848295e-07 9.440474026589318e-07 9.4344437008212562e-07 9.4284249163484905e-07 9.4224176364035822e-07 9.416421824382876e-07 9.4104374438455406e-07 9.4044644585126711e-07 9.3985028322663294e-07 9.3925525291486572e-07 9.3866135133609409e-07 9.3806857492627277e-07 9.3747692013709138e-07 9.3688638343588551e-07 9.3629696130554842e-07 9.3570865024444294e-07 9.3512144676631434e-07 9.3453534740020254e-07 9.3395034869035712e-07 9.3336644719615142e-07 9.3278363949199711e-07 9.3220192216726045e-07 9.3162129182617788e-07 9.3104174508777292e-07 9.304632785857738e-07 9.2988588896853086e-07 9.2930957289893556e-07 9.2873432705433886e-07 9.2816014812647062e-07 9.2758703282136106e-07 9.2701497785926017e-07 9.2644397997455843e-07 9.2587403591570968e-07 9.2530514244515337e-07 9.2473729633923648e-07 9.2417049438813706e-07 9.2360473339578816e-07 9.230400101798023e-07 9.2247632157139597e-07 9.2191366441531511e-07 9.2135203556976089e-07 9.2079143190631602e-07 9.2023185030987156e-07 9.1967328767855475e-07 9.1911574092365538e-07 9.1855920696955554e-07 9.1800368275365757e-07 9.174491652263139e-07 9.1689565135075556e-07 9.1634313810302378e-07 9.1579162247189993e-07 9.1524110145883558e-07 9.1469157207788672e-07 9.1414303135564234e-07 9.1359547633115942e-07 9.13048904055895e-07 9.1250331159363933e-07 9.119586960204495e-07 9.11415054424584e-07 9.1087238390643729e-07 9.1033068157847491e-07 9.0978994456516813e-07 9.0925017000293116e-07 9.0871135504005659e-07 9.0817349683665207e-07 9.0763659256457792e-07 9.0710063940738426e-07 9.0656563456024981e-07 9.0603157522991869e-07 9.0549845863464014e-07 9.0496628200410832e-07 9.0443504257940064e-07 9.0390473761291756e-07 9.0337536436832444e-07 9.0284692012049087e-07 9.0231940215543213e-07 9.0179280777025084e-07 9.0126713427307861e-07 9.0074237898301816e-07 9.002185392300859e-07 8.9969561235515573e-07 8.9917359570990037e-07 8.9865248665673724e-07 8.9813228256877111e-07 8.9761298082973914e-07 8.9709457883395495e-07 8.9657707398625464e-07 8.9606046370194153e-07 8.9554474540673161e-07 8.9502991653670051e-07 8.9451597453822993e-07 8.9400291686795363e-07 8.9349074099270554e-07 8.9297944438946632e-07 8.9246902454531177e-07 8.9195947895736107e-07 8.9145080513272415e-07 8.9094300058845204e-07 8.9043606285148509e-07 8.8992998945860194e-07 8.8942477795637029e-07 8.8892042590109668e-07 8.8841693085877562e-07 8.8791429040504222e-07 8.874125021251218e-07 8.8691156361378172e-07 8.8641147247528226e-07 8.8591222632332968e-07 8.8541382278102767e-07 8.8491625948082947e-07 8.8441953406449116e-07 8.83923644183025e-07 8.8342858749665229e-07 8.8293436167475669e-07 8.8244096439583878e-07 8.8194839334747036e-07 8.8145664622624792e-07 8.8096572073774862e-07 8.8047561459648476e-07 8.7998632552585911e-07 8.794978512581201e-07 8.7901018953431842e-07 8.7852333810426297e-07 8.7803729472647662e-07 8.7755205716815363e-07 8.7706762320511635e-07 8.7658399062177221e-07 8.7610115721107122e-07 8.7561912077446365e-07 8.7513787912185826e-07 8.7465743007158023e-07 8.741777714503297e-07 8.7369890109314062e-07 8.732208168433388e-07 8.7274351655250319e-07 8.7226699808042306e-07 8.7179125929505844e-07 8.7131629807250132e-07 8.7084211229693393e-07 8.7036869986059016e-07 8.698960586637163e-07 8.6942418661453135e-07 8.6895308162918858e-07 8.6848274163173707e-07 8.6801316455408225e-07 8.6754434833594914e-07 8.6707629092484351e-07 8.6660899027601383e-07 8.661424443524148e-07 8.6567665112466931e-07 8.6521160857103146e-07 8.6474731467734986e-07 8.64283767437031e-07 8.6382096485100237e-07 8.6335890492767701e-07 8.6289758568291698e-07 8.6243700513999769e-07 8.6197716132957249e-07 8.6151805228963696e-07 8.6105967606549402e-07 8.6060203070971929e-07 8.601451142821257e-07 8.5968892484972837e-07 8.5923346048671265e-07 8.5877871927439762e-07 8.5832469930120251e-07 8.5787139866261448e-07 8.5741881546115301e-07 8.5696694780633796e-07 8.5651579381465605e-07 8.5606535160952749e-07 8.5561561932127337e-07 8.5516659508708381e-07 8.5471827705098415e-07 8.5427066336380447e-07 8.5382375218314563e-07 8.5337754167334874e-07 8.5293203000546353e-07 8.5248721535721602e-07 8.5204309591297775e-07 8.5159966986373442e-07 8.5115693540705582e-07 8.5071489074706345e-07 8.5027353409440114e-07 8.4983286366620432e-07 8.4939287768606997e-07 8.4895357438402566e-07 8.4851495199650126e-07 8.4807700876629737e-07 8.476397429425573e-07 8.4720315278073643e-07 8.4676723654257398e-07 8.4633199249606321e-07 8.4589741891542321e-07 8.454635140810693e-07 8.4503027627958555e-07 8.4459770380369478e-07 8.4416579495223223e-07 8.4373454803011608e-07 8.4330396134831965e-07 8.4287403322384449e-07 8.4244476197969147e-07 8.4201614594483503e-07 8.4158818345419297e-07 8.4116087284860349e-07 8.407342124747937e-07 8.4030820068535608e-07 8.3988283583872026e-07 8.3945811629912669e-07 8.3903404043660012e-07 8.3861060662692407e-07 8.3818781325161307e-07 8.3776565869788886e-07 8.3734414135865243e-07 8.369232596324601e-07 8.3650301192349649e-07 8.3608339664155031e-07 8.3566441220198821e-07 8.3524605702573059e-07 8.3482832953922498e-07


# name: y_tk_45
# type: matrix
# rows: 1
# columns: 991
 1.0224517150955733e-05 9.74869459653622e-06 9.333664471961515e-06 8.9674947607879835e-06 8.6412941726749271e-06 8.3482832953922502e-06 8.0831905431189387e-06 7.8418466826525116e-06 7.6209051288831658e-06 7.4176443618608652e-06 7.2298254117989577e-06 7.0555871467797612e-06 6.8933680569274148e-06 6.7418469592405338e-06 6.5998974414439423e-06 6.4665524344951518e-06 6.3409763556080204e-06 6.2224429813076753e-06 6.1103177077262373e-06 6.0040432058160751e-06 5.9031277294382375e-06 5.8071355153473911e-06 5.7156788466623746e-06 5.628411449557637e-06 5.5450229663288241e-06 5.4652343034386244e-06 5.3887936954126275e-06 5.3154733579399796e-06 5.245066628701979e-06 5.1773855140975006e-06 5.1122585754778667e-06 5.0495291007251574e-06 4.989053516740614e-06 4.9307000062066738e-06 4.8743472982681091e-06 4.8198836078659715e-06 4.7672057026008873e-06 4.716218079391623e-06 4.6668322359807575e-06 4.6189660246393944e-06 4.5725430773298991e-06 4.5274922931732015e-06 4.4837473803939917e-06 4.4412464460301104e-06 4.399931627629296e-06 4.3597487619479748e-06 4.3206470863374635e-06 4.2825789690732799e-06 4.2454996653695658e-06 4.2093670962365957e-06 4.1741416476961251e-06 4.1397859881761601e-06 4.1062649021713767e-06 4.0735451384841582e-06 4.0415952715594694e-06 4.0103855745990295e-06 3.9798879032902101e-06 3.9500755891159283e-06 3.9209233413262558e-06 3.8924071567527831e-06 3.8645042367347889e-06 3.8371929105038281e-06 3.8104525644415829e-06 3.7842635766862177e-06 3.7586072566157878e-06 3.7334657887846057e-06 3.7088221809304326e-06 3.6846602157077128e-06 3.6609644058353428e-06 3.6377199523771104e-06 3.6149127058994788e-06 3.592529130275084e-06 3.5705562689215688e-06 3.5489817132844547e-06 3.5277935733898806e-06 3.5069804503084471e-06 3.4865314103852914e-06 3.4664359611040553e-06 3.4466840284637074e-06 3.4272659357574135e-06 3.408172383651911e-06 3.3893944314742363e-06 3.3709234796202669e-06 3.3527512530064518e-06 3.334869785492412e-06 3.317271405207789e-06 3.2999487207219716e-06 3.2828946080000604e-06 3.2661021980927853e-06 3.249564865512073e-06 3.2332762172475759e-06 3.2172300823828101e-06 3.2014205022726032e-06 3.1858417212463304e-06 3.1704881778040102e-06 3.1553544962746665e-06 3.1404354789085451e-06 3.1257260983767658e-06 3.1112214906538376e-06 3.096916948260142e-06 3.0828079138430677e-06 3.0688899740769311e-06 3.0551588538631186e-06 3.0416104108131716e-06 3.0282406299986103e-06 3.0150456189524174e-06 3.0020216029080376e-06 2.989164920262661e-06 2.9764720182524232e-06 2.9639394488279129e-06 2.9515638647191187e-06 2.9393420156796139e-06 2.9272707449004152e-06 2.9153469855845192e-06 2.9035677576736956e-06 2.8919301647195828e-06 2.8804313908916425e-06 2.8690686981149453e-06 2.8578394233311873e-06 2.8467409758767133e-06 2.8357708349716822e-06 2.8249265473148626e-06 2.8142057247788185e-06 2.8036060422006073e-06 2.7931252352633186e-06 2.7827610984640834e-06 2.7725114831644112e-06 2.7623742957189481e-06 2.7523474956789409e-06 2.7424290940669263e-06 2.7326171517193122e-06 2.722909777693734e-06 2.7133051277382015e-06 2.7038014028192355e-06 2.6943968477063129e-06 2.6850897496101012e-06 2.6758784368720825e-06 2.6667612777032898e-06 2.6577366789699889e-06 2.6488030850242701e-06 2.6399589765775769e-06 2.6312028696153491e-06 2.6225333143509895e-06 2.6139488942175034e-06 2.6054482248952106e-06 2.5970299533740087e-06 2.5886927570487503e-06 2.5804353428463765e-06 2.5722564463834591e-06 2.5641548311529522e-06 2.5561292877389333e-06 2.5481786330582093e-06 2.5403017096277224e-06 2.5324973848566965e-06 2.5247645503625787e-06 2.5171021213098006e-06 2.5095090357704888e-06 2.5019842541062651e-06 2.494526758370307e-06 2.4871355517289042e-06 2.4798096579017552e-06 2.4725481206202883e-06 2.4653500031033369e-06 2.4582143875495014e-06 2.4511403746455842e-06 2.4441270830904954e-06 2.4371736491340546e-06 2.4302792261301518e-06 2.423442984103726e-06 2.4166641093310703e-06 2.4099418039329857e-06 2.4032752854803045e-06 2.3966637866113558e-06 2.3901065546609466e-06 2.3836028513004436e-06 2.3771519521885729e-06 2.3707531466325565e-06 2.3644057372592337e-06 2.3581090396958115e-06 2.3518623822599205e-06 2.3456651056586547e-06 2.3395165626962886e-06 2.3334161179903788e-06 2.3273631476959627e-06 2.3213570392375953e-06 2.3153971910489415e-06 2.3094830123196968e-06 2.3036139227495739e-06 2.2977893523091384e-06 2.2920087410072553e-06 2.2862715386649496e-06 2.2805772046954502e-06 2.2749252078902406e-06 2.269315026210905e-06 2.2637461465866007e-06 2.2582180647169674e-06 2.2527302848803029e-06 2.247282319746845e-06 2.2418736901969959e-06 2.2365039251443368e-06 2.2311725613632795e-06 2.2258791433212216e-06 2.2206232230150552e-06 2.2154043598119084e-06 2.2102221202939804e-06 2.2050760781073514e-06 2.199965813814648e-06 2.1948909147514438e-06 2.1898509748862944e-06 2.1848455946842839e-06 2.1798743809739874e-06 2.1749369468177549e-06 2.1700329113852056e-06 2.1651618998298475e-06 2.1603235431687318e-06 2.1555174781650508e-06 2.1507433472135944e-06 2.1460007982289916e-06 2.14128948453664e-06 2.1366090647662703e-06 2.1319592027480458e-06 2.1273395674111528e-06 2.1227498326847825e-06 2.1181896774014657e-06 2.113658785202673e-06 2.1091568444466335e-06 2.1046835481182979e-06 2.1002385937413969e-06 2.0958216832925354e-06 2.0914325231172615e-06 2.0870708238480626e-06 2.0827363003242382e-06 2.0784286715135906e-06 2.0741476604358919e-06 2.0698929940880801e-06 2.0656644033711306e-06 2.0614616230185732e-06 2.0572843915265932e-06 2.0531324510856884e-06 2.0490055475138391e-06 2.0449034301911466e-06 2.0408258519959065e-06 2.0367725692420791e-06 2.0327433416181202e-06 2.0287379321271376e-06 2.0247561070283368e-06 2.0207976357797347e-06 2.0168622909820893e-06 2.0129498483240335e-06 2.0090600865283718e-06 2.0051927872995147e-06 2.0013477352720253e-06 1.9975247179602399e-06 1.9937235257089481e-06 1.989943951645105e-06 1.9861857916305351e-06 1.9824488442156271e-06 1.9787329105939776e-06 1.9750377945579641e-06 1.9713633024552348e-06 1.9677092431460793e-06 1.964075427961666e-06 1.9604616706631279e-06 1.9568677874014695e-06 1.9532935966782816e-06 1.9497389193072438e-06 1.9462035783763911e-06 1.9426873992111329e-06 1.9391902093380038e-06 1.9357118384491307e-06 1.9322521183673945e-06 1.9288108830122818e-06 1.9253879683663936e-06 1.9219832124426154e-06 1.9185964552519136e-06 1.9152275387717648e-06 1.9118763069151819e-06 1.9085426055003418e-06 1.905226282220791e-06 1.9019271866162214e-06 1.8986451700437917e-06 1.8953800856500058e-06 1.8921317883431089e-06 1.8889001347660078e-06 1.8856849832696983e-06 1.8824861938871857e-06 1.8793036283078939e-06 1.8761371498525455e-06 1.8729866234485084e-06 1.8698519156055943e-06 1.8667328943923028e-06 1.8636294294124989e-06 1.8605413917825167e-06 1.8574686541086775e-06 1.8544110904652163e-06 1.8513685763726067e-06 1.8483409887762743e-06 1.8453282060256932e-06 1.8423301078538564e-06 1.8393465753571095e-06 1.8363774909753444e-06 1.8334227384725444e-06 1.8304822029176714e-06 1.8275557706658866e-06 1.8246433293401066e-06 1.8217447678128748e-06 1.8188599761885552e-06 1.8159888457858288e-06 1.8131312691204994e-06 1.8102871398885914e-06 1.8074563529497394e-06 1.8046388043108645e-06 1.8018343911101272e-06 1.7990430116011559e-06 1.796264565137542e-06 1.7934989521575969e-06 1.7907460741693684e-06 1.7880058337359075e-06 1.7852781344607842e-06 1.7825628809738447e-06 1.7798599789172039e-06 1.7771693349314758e-06 1.7744908566422274e-06 1.7718244526466596e-06 1.7691700325005063e-06 1.7665275067051486e-06 1.7638967866949403e-06 1.7612777848247419e-06 1.7586704143576536e-06 1.756074589452953e-06 1.7534902251542236e-06 1.7509172373776761e-06 1.7483555429006596e-06 1.7458050593503539e-06 1.7432657051926457e-06 1.7407373997211803e-06 1.7382200630465885e-06 1.7357136160858836e-06 1.7332179805520277e-06 1.730733078943659e-06 1.7282588345349856e-06 1.7257951713658338e-06 1.7233420142318537e-06 1.720899288674877e-06 1.7184669209734255e-06 1.7160448381333653e-06 1.7136329678787067e-06 1.7112312386425467e-06 1.7088395795581477e-06 1.7064579204501566e-06 1.7040861918259555e-06 1.701724324867145e-06 1.699372251421159e-06 1.6970299039930025e-06 1.6946972157371182e-06 1.6923741204493741e-06 1.6900605525591709e-06 1.6877564471216696e-06 1.6854617398101335e-06 1.6831763669083862e-06 1.6809002653033793e-06 1.6786333724778738e-06 1.6763756265032259e-06 1.6741269660322838e-06 1.6718873302923827e-06 1.6696566590784502e-06 1.667434892746206e-06 1.6652219722054657e-06 1.6630178389135379e-06 1.660822434868722e-06 1.6586357026038941e-06 1.6564575851801928e-06 1.6542880261807886e-06 1.6521269697047485e-06 1.6499743603609856e-06 1.647830143262297e-06 1.6456942640194838e-06 1.6435666687355579e-06 1.6414473040000302e-06 1.6393361168832771e-06 1.6372330549309907e-06 1.6351380661587039e-06 1.6330510990463927e-06 1.6309721025331557e-06 1.6289010260119676e-06 1.6268378193245029e-06 1.6247824327560365e-06 1.6227348170304101e-06 1.6206949233050717e-06 1.6186627031661819e-06 1.616638108623788e-06 1.6146210921070633e-06 1.612611606459614e-06 1.6106096049348472e-06 1.6086150411914051e-06 1.6066278692886574e-06 1.6046480436822583e-06 1.6026755192197633e-06 1.6007102511363016e-06 1.5987521950503116e-06 1.59680130695933e-06 1.5948575432358377e-06 1.5929208606231652e-06 1.590991216231446e-06 1.5890685675336292e-06 1.5871528723615418e-06 1.5852440889020051e-06 1.5833421756930016e-06 1.5814470916198914e-06 1.5795587959116796e-06 1.5776772481373335e-06 1.5758024082021434e-06 1.5739342363441387e-06 1.572072693130541e-06 1.5702177394542725e-06 1.5683693365305021e-06 1.5665274458932425e-06 1.5646920293919851e-06 1.5628630491883829e-06 1.5610404677529737e-06 1.5592242478619458e-06 1.557414352593944e-06 1.5556107453269192e-06 1.5538133897350137e-06 1.5520222497854906e-06 1.5502372897356969e-06 1.5484584741300712e-06 1.5466857677971828e-06 1.5449191358468122e-06 1.543158543667067e-06 1.5414039569215343e-06 1.5396553415464645e-06 1.5379126637480002e-06 1.5361758899994266e-06 1.5344449870384656e-06 1.5327199218646009e-06 1.5310006617364337e-06 1.5292871741690733e-06 1.52757942693156e-06 1.5258773880443155e-06 1.5241810257766335e-06 1.5224903086441883e-06 1.520805205406586e-06 1.5191256850649381e-06 1.5174517168594638e-06 1.515783270267129e-06 1.5141203149993052e-06 1.5124628209994601e-06 1.5108107584408769e-06 1.5091640977244003e-06 1.5075228094762087e-06 1.5058868645456134e-06 1.5042562340028827e-06 1.5026308891370963e-06 1.501010801454019e-06 1.4993959426740048e-06 1.4977862847299218e-06 1.4961817997651053e-06 1.4945824601313309e-06 1.4929882383868144e-06 1.4913991072942352e-06 1.4898150398187795e-06 1.488236009126212e-06 1.4866619885809618e-06 1.4850929517442403e-06 1.4835288723721729e-06 1.4819697244139565e-06 1.4804154820100366e-06 1.4788661194903062e-06 1.4773216113723254e-06 1.4757819323595596e-06 1.4742470573396419e-06 1.4727169613826508e-06 1.47119161973941e-06 1.469671007839807e-06 1.4681551012911318e-06 1.4666438758764316e-06 1.4651373075528877e-06 1.4636353724502076e-06 1.4621380468690373e-06 1.4606453072793904e-06 1.4591571303190952e-06 1.4576734927922596e-06 1.4561943716677507e-06 1.4547197440776946e-06 1.4532495873159915e-06 1.4517838788368478e-06 1.4503225962533221e-06 1.4488657173358903e-06 1.4474132200110252e-06 1.4459650823597914e-06 1.4445212826164573e-06 1.4430817991671191e-06 1.4416466105483429e-06 1.4402156954458212e-06 1.4387890326930425e-06 1.4373666012699759e-06 1.4359483803017714e-06 1.4345343490574726e-06 1.433124486948744e-06 1.4317187735286121e-06 1.4303171884902197e-06 1.4289197116655936e-06 1.4275263230244269e-06 1.4261370026728713e-06 1.4247517308523463e-06 1.4233704879383566e-06 1.4219932544393265e-06 1.4206200109954435e-06 1.419250738377516e-06 1.4178854174858411e-06 1.4165240293490883e-06 1.4151665551231886e-06 1.4138129760902414e-06 1.4124632736574313e-06 1.4111174293559524e-06 1.4097754248399495e-06 1.4084372418854673e-06 1.4071028623894093e-06 1.4057722683685111e-06 1.4044454419583227e-06 1.4031223654121985e-06 1.4018030211003039e-06 1.4004873915086252e-06 1.3991754592379958e-06 1.3978672070031289e-06 1.3965626176316597e-06 1.3952616740632008e-06 1.3939643593484036e-06 1.3926706566480313e-06 1.3913805492320417e-06 1.3900940204786767e-06 1.3888110538735647e-06 1.3875316330088283e-06 1.386255741582206e-06 1.3849833633961753e-06 1.3837144823570938e-06 1.3824490824743417e-06 1.381187147859474e-06 1.3799286627253866e-06 1.3786736113854827e-06 1.3774219782528555e-06 1.3761737478394704e-06 1.3749289047553658e-06 1.3736874337078495e-06 1.372449319500717e-06 1.3712145470334631e-06 1.3699831013005146e-06 1.3687549673904586e-06 1.3675301304852902e-06 1.3663085758596561e-06 1.3650902888801147e-06 1.3638752550043971e-06 1.3626634597806808e-06 1.361454888846867e-06 1.3602495279298631e-06 1.359047362844878e-06 1.3578483794947195e-06 1.3566525638691012e-06 1.3554599020439508e-06 1.3542703801807361e-06 1.3530839845257846e-06 1.3519007014096178e-06 1.3507205172462903e-06 1.3495434185327334e-06 1.3483693918481069e-06 1.3471984238531569e-06 1.3460305012895772e-06 1.3448656109793823e-06 1.3437037398242792e-06 1.3425448748050506e-06 1.3413890029809435e-06 1.3402361114890583e-06 1.3390861875437528e-06 1.3379392184360412e-06 1.3367951915330102e-06 1.3356540942772274e-06 1.33451591418617e-06 1.3333806388516449e-06 1.3322482559392246e-06 1.331118753187683e-06 1.3299921184084365e-06 1.3288683394849949e-06 1.3277474043724101e-06 1.3266293010967371e-06 1.3255140177544948e-06 1.324401542512135e-06 1.3232918636055143e-06 1.3221849693393718e-06 1.3210808480868113e-06 1.3199794882887887e-06 1.3188808784536034e-06 1.3177850071563945e-06 1.3166918630386425e-06 1.3156014348076746e-06 1.3145137112361741e-06 1.3134286811616954e-06 1.3123463334861833e-06 1.3112666571754948e-06 1.3101896412589284e-06 1.3091152748287548e-06 1.3080435470397533e-06 1.3069744471087517e-06 1.3059079643141712e-06 1.3048440879955743e-06 1.3037828075532168e-06 1.3027241124476053e-06 1.3016679921990575e-06 1.3006144363872651e-06 1.2995634346508639e-06 1.2985149766870043e-06 1.2974690522509274e-06 1.2964256511555466e-06 1.2953847632710268e-06 1.2943463785243752e-06 1.2933104868990303e-06 1.2922770784344552e-06 1.2912461432257377e-06 1.2902176714231882e-06 1.2891916532319483e-06 1.2881680789115962e-06 1.2871469387757593e-06 1.2861282231917298e-06 1.2851119225800806e-06 1.2840980274142911e-06 1.283086528220368e-06 1.2820774155764763e-06 1.281070680112569e-06 1.2800663125100233e-06 1.2790643035012758e-06 1.2780646438694667e-06 1.2770673244480803e-06 1.276072336120595e-06 1.2750796698201313e-06 1.2740893165291049e-06 1.2731012672788835e-06 1.2721155131494462e-06 1.2711320452690427e-06 1.2701508548138612e-06 1.2691719330076928e-06 1.2681952711216044e-06 1.2672208604736104e-06 1.2662486924283482e-06 1.2652787583967593e-06 1.2643110498357666e-06 1.2633455582479616e-06 1.2623822751812893e-06 1.2614211922287392e-06 1.260462301028034e-06 1.2595055932613279e-06 1.2585510606549003e-06 1.2575986949788575e-06 1.2566484880468332e-06 1.2557004317156936e-06 1.2547545178852444e-06 1.2538107384979408e-06 1.2528690855385957e-06 1.2519295510340996e-06 1.2509921270531326e-06 1.250056805705884e-06 1.2491235791437749e-06 1.2481924395591798e-06 1.2472633791851537e-06 1.2463363902951587e-06 1.2454114652027957e-06 1.244488596261535e-06 1.2435677758644521e-06 1.2426489964439633e-06 1.2417322504715657e-06 1.2408175304575762e-06 1.2399048289508776e-06 1.23899413853866e-06 1.2380854518461708e-06 1.2371787615364625e-06 1.2362740603101441e-06 1.2353713409051348e-06 1.2344705960964182e-06 1.2335718186958003e-06 1.2326750015516685e-06 1.2317801375487518e-06 1.2308872196078843e-06 1.2299962406857704e-06 1.2291071937747511e-06 1.228220071902571e-06 1.2273348681321523e-06 1.2264515755613624e-06 1.2255701873227925e-06 1.2246906965835286e-06 1.2238130965449335e-06 1.2229373804424227e-06 1.2220635415452477e-06 1.2211915731562766e-06 1.2203214686117809e-06 1.2194532212812196e-06 1.2185868245670275e-06 1.2177222719044057e-06 1.2168595567611118e-06 1.2159986726372516e-06 1.2151396130650759e-06 1.2142823716087745e-06 1.2134269418642738e-06 1.2125733174590367e-06 1.211721492051863e-06 1.21087145933269e-06 1.2100232130224001e-06 1.2091767468726205e-06 1.2083320546655351e-06 1.2074891302136891e-06 1.2066479673598e-06 1.205808559976569e-06 1.2049709019664929e-06 1.2041349872616788e-06 1.2033008098236576e-06 1.2024683636432045e-06 1.2016376427401522e-06 1.2008086411632153e-06 1.1999813529898078e-06 1.1991557723258675e-06 1.1983318933056779e-06 1.1975097100916947e-06 1.1966892168743715e-06 1.1958704078719867e-06 1.1950532773304735e-06 1.1942378195232489e-06 1.1934240287510472e-06 1.1926118993417501e-06 1.1918014256502218e-06 1.190992602058145e-06 1.1901854229738561e-06 1.1893798828321837e-06 1.1885759760942864e-06 1.187773697247494e-06 1.1869730408051481e-06 1.1861740013064449e-06 1.1853765733162782e-06 1.1845807514250843e-06 1.1837865302486887e-06 1.1829939044281515e-06 1.1822028686296171e-06 1.1814134175441622e-06 1.1806255458876475e-06 1.179839248400568e-06 1.1790545198479058e-06 1.1782713550189839e-06 1.1774897487273212e-06 1.1767096958104873e-06 1.1759311911299603e-06 1.1751542295709839e-06 1.1743788060424263e-06 1.1736049154766413e-06 1.1728325528293274e-06 1.1720617130793906e-06 1.1712923912288075e-06 1.1705245823024889e-06 1.1697582813481445e-06 1.168993483436149e-06 1.1682301836594092e-06 1.1674683771332313e-06 1.1667080589951894e-06 1.1659492244049956e-06 1.1651918685443703e-06 1.1644359866169148e-06 1.1636815738479813e-06 1.1629286254845495e-06 1.1621771367950968e-06 1.1614271030694783e-06 1.1606785196187977e-06 1.1599313817752879e-06 1.1591856848921881e-06 1.1584414243436202e-06 1.1576985955244708e-06 1.1569571938502713e-06 1.156217214757077e-06 1.1554786537013517e-06 1.1547415061598486e-06 1.1540057676294947e-06 1.1532714336272758e-06 1.1525384996901201e-06 1.1518069613747872e-06 1.1510768142577511e-06 1.1503480539350917e-06 1.1496206760223797e-06 1.1488946761545692e-06 1.1481700499858849e-06 1.1474467931897147e-06 1.1467249014584995e-06 1.1460043705036277e-06 1.1452851960553262e-06 1.144567373862555e-06 1.1438508996929012e-06 1.1431357693324748e-06 1.1424219785858043e-06 1.1417095232757335e-06 1.1409983992433182e-06 1.1402886023477251e-06 1.1395801284661298e-06 1.1388729734936168e-06 1.1381671333430793e-06 1.1374626039451203e-06 1.1367593812479526e-06 1.1360574612173035e-06 1.1353568398363165e-06 1.1346575131054525e-06 1.1339594770423973e-06 1.1332627276819653e-06 1.1325672610760039e-06 1.1318730732933004e-06 1.1311801604194874e-06 1.130488518556953e-06 1.1297981438247455e-06 1.1291090323584837e-06 1.1284211803102657e-06 1.1277345838485781e-06 1.1270492391582077e-06 1.1263651424401515e-06 1.1256822899115274e-06 1.1250006778054884e-06 1.1243203023711333e-06 1.1236411598734225e-06 1.1229632465930884e-06 1.1222865588265529e-06 1.1216110928858417e-06 1.1209368450984979e-06 1.1202638118075017e-06 1.1195919893711835e-06 1.1189213741631434e-06 1.1182519625721684e-06 1.117583751002151e-06 1.1169167358720067e-06 1.1162509136155953e-06 1.1155862806816398e-06 1.1149228335336469e-06 1.1142605686498278e-06 1.1135994825230204e-06 1.1129395716606108e-06 1.1122808325844551e-06 1.1116232618308041e-06 1.110966855950225e-06 1.1103116115075276e-06 1.1096575250816857e-06 1.1090045932657646e-06 1.1083528126668461e-06 1.1077021799059544e-06 1.1070526916179808e-06 1.1064043444516134e-06 1.1057571350692628e-06 1.1051110601469902e-06 1.1044661163744359e-06 1.1038223004547476e-06 1.1031796091045104e-06 1.1025380390536757e-06 1.101897587045492e-06 1.1012582498364347e-06 1.1006200241961374e-06 1.099982906907324e-06 1.0993468947657397e-06 1.098711984580084e-06 1.0980781731719426e-06 1.0974454573757219e-06 1.0968138340385809e-06 1.096183300020366e-06 1.0955538521935464e-06 1.0949254874431472e-06 1.0942982026666868e-06 1.0936719947741096e-06 1.0930468606877248e-06 1.0924227973421419e-06 1.0917998016842068e-06 1.0911778706729402e-06 1.0905570012794751e-06 1.0899371904869937e-06 1.0893184352906674e-06 1.0887007326975951e-06 1.0880840797267413e-06 1.0874684734088775e-06 1.0868539107865205e-06 1.0862403889138743e-06 1.0856279048567688e-06 1.0850164556926028e-06 1.0844060385102849e-06 1.0837966504101745e-06 1.0831882885040243e-06 1.0825809499149237e-06 1.0819746317772406e-06 1.0813693312365646e-06 1.0807650454496513e-06 1.0801617715843661e-06 1.0795595068196275e-06 1.0789582483453526e-06 1.0783579933624021e-06 1.0777587390825254e-06 1.0771604827283052e-06 1.0765632215331053e-06 1.075966952741015e-06 1.0753716736067974e-06 1.0747773813958347e-06 1.0741840733840769e-06 1.0735917468579884e-06 1.0730003991144958e-06 1.0724100274609366e-06 1.0718206292150083e-06 1.0712322017047154e-06 1.07064474226832e-06 1.0700582482542912e-06 1.0694727170212534e-06 1.0688881459379386e-06 1.0683045323831352e-06 1.0677218737456378e-06 1.0671401674242011e-06 1.0665594108274881e-06 1.0659796013740231e-06 1.0654007364921434e-06 1.0648228136199511e-06 1.0642458302052657e-06 1.0636697837055764e-06 1.0630946715879957e-06 1.062520491329212e-06 1.0619472404154434e-06 1.0613749163423914e-06 1.0608035166151949e-06 1.0602330387483845e-06 1.0596634802658378e-06 1.0590948387007329e-06 1.0585271115955045e-06 1.0579602965017993e-06 1.0573943909804309e-06 1.0568293926013369e-06 1.0562652989435336e-06 1.0557021075950743e-06 1.0551398161530037e-06 1.0545784222233167e-06 1.0540179234209155e-06 1.0534583173695656e-06 1.0528996017018541e-06 1.0523417740591489e-06 1.0517848320915556e-06 1.0512287734578756e-06 1.0506735958255664e-06 1.0501192968706984e-06 1.0495658742779159e-06 1.0490133257403957e-06 1.0484616489598061e-06 1.0479108416462677e-06 1.0473609015183135e-06 1.0468118263028482e-06 1.0462636137351101e-06 1.0457162615586307e-06 1.0451697675251959e-06 1.0446241293948085e-06 1.0440793449356473e-06 1.0435354119240313e-06 1.0429923281443792e-06 1.0424500913891736e-06 1.0419086994589221e-06 1.0413681501621191e-06 1.0408284413152112e-06 1.0402895707425575e-06 1.0397515362763934e-06 1.0392143357567953e-06 1.0386779670316423e-06 1.038142427956582e-06 1.0376077163949919e-06 1.0370738302179459e-06 1.0365407673041783e-06 1.0360085255400471e-06 1.0354771028195002e-06 1.03494649704404e-06 1.0344167061226875e-06 1.0338877279719502e-06 1.033359560515785e-06 1.0328322016855653e-06 1.0323056494200473e-06 1.0317799016653351e-06 1.0312549563748483e-06 1.0307308115092866e-06 1.0302074650365996e-06 1.0296849149319501e-06 1.0291631591776841e-06 1.0286421957632966e-06 1.0281220226853996e-06 1.0276026379476891e-06 1.0270840395609146e-06 1.0265662255428442e-06 1.0260491939182359e-06 1.0255329427188034e-06 1.0250174699831868e-06 1.0245027737569195e-06 1.0239888520923984e-06 1.0234757030488519e-06 1.0229633246923102e-06 1.0224517150955733e-06


# name: y_vk
# type: matrix
# rows: 1
# columns: 1001
 0 43739.336430000003 61856.762788505592 75758.752986108317 87478.672860000006 97804.129548212979 107139.05594142759 115723.40670476772 123713.52557701118 131218.00928999999 138315.92646317795 145066.96751743305 151517.50597221663 157704.42025313506 163657.61124590007 169401.72156755338 174957.34572000001 180341.90409531648 185570.28836551678 190655.3473558971 195608.25909642596 200438.82003761455 205155.67291549107 209766.48845977444 214278.11188285518 218696.68215000001 223027.72996816979 227276.25895832496 231446.81340953545 235543.53523025214 239570.21213018481 243530.31862878695 247427.05115402237 251263.35824013801 255041.9666357846 258765.40397971554 262436.01857999997 266055.99673651188 269627.37796966307 273152.06845662417 276631.8529263559 280068.40522416262 283463.29772325454 286818.00973348797 290133.9350348661 293412.38864463894 296654.61291119235 299861.7830148185 303035.01194443327 306175.35501 309283.81394252798 312361.34062680195 315408.84050627012 318427.17569461063 321417.16782428278 324379.60065873421 327315.22249180014 330224.74835510639 333108.86205192748 335968.21803388902 338803.44313510676 341615.13817677961 344403.87945387169 347170.22011430317 349914.69144000002 352637.80403820454 355340.04895061278 358021.89868716215 360683.80819063296 363326.21573763993 365949.5437810666 368554.19973852893 371140.57673103357 373709.05427562352 376259.99893546704 378793.76493054157 381310.6947117942 383811.1195014129 386295.35980162199 388763.72587421437 391216.51819285192 393654.02787000005 396076.53706021456 398484.31934136152 400877.64007522911 403256.75674887537 405621.91929795704 407973.37041318649 410311.34583098214 412636.07460929605 414947.77938953385 417246.67664541322 419532.97691954888 421806.88504849642 424068.60037693451 426318.31696162076 428556.22376571037 430782.50484399009 432997.33951953921 435200.9025522992 437393.36430000002 439574.89087186183 441745.6442754654 443905.78255715786 446055.45993633958 448194.8269339531 450324.03049547871 452443.2141087206 454552.51791664993 456652.07882555737 458742.03060875053 460822.50400601799 462893.62681907089 464955.52400315669 467008.31775503384 469052.12759748084 471087.07046050427 473113.26075940504 475130.81046984688 477139.82920006826 479140.42426036962 481132.70073000004 483116.76152156061 485092.70744303835 487060.63725757389 489020.64774106489 490972.83373770019 492917.28821351362 494854.10230804473 496783.36538418586 498705.16507629468 500619.58733664331 502526.71648027602 504426.6352283397 506319.42474995094 508205.16470266017 510083.9332715692 511955.80720715667 513820.86186186341 515679.17122548673 517530.80795943108 519375.84342985979 521214.34773979016 523046.38976017392 524872.03715999995 526691.35643546039 528504.41293820995 530311.27090275823 532111.99347302376 533906.64272808225 535695.27970713796 537477.96443374828 539254.75593932613 541025.7122859495 542790.89058849891 544550.34703615087 546304.13691324834 548052.31461956794 549794.9336900101 551532.04681372724 553263.70585271181 554989.9618598636 556710.86509655032 558426.46504968428 560136.81044832524 561841.94927983056 563541.928805565 565236.79557618429 566926.59544650908 568611.37359000009 570291.17451284768 571966.04206769133 573636.01946697594 575301.14929596079 576961.47352539073 578617.03352383862 580267.87006973219 581914.02336307417 583555.53303686273 585192.43816822662 586824.77728927787 588452.58839769522 590075.90896704467 591694.77595684479 593309.2258223847 594919.29452430282 596525.01753793273 598126.42986242275 599723.566029637 601316.46011284366 602905.14573519595 604489.65607801313 606070.02388886653 607646.28148947645 609218.46078342432 610786.59326368768 612350.71002 613910.84174604283 615467.01874647324 617019.27094379184 618567.62788505596 620112.11874844204 621652.77234966017 623189.61714822822 624722.68125360389 626251.99243118474 627777.57810817473 629299.46537932323 630817.68101254024 632332.25145438814 633843.20283545868 635350.560975631 636854.35138922126 638354.5992900203 639851.3295962268 641344.56693527545 642834.33564856555 644320.65979609045 645803.56316097092 647283.06925389508 648759.20131746843 650231.98233047279 651701.43501204066 653167.5818257439 654630.44498360029 656090.04645000002 657546.40794555331 658999.55095086119 660449.49671021278 661896.26623520849 663339.88030831295 664780.35948633705 666217.72410385497 667651.994276552 669083.18990450935 670511.33067542606 671936.43606777804 673358.52535391867 674777.61760311865 676193.73168455006 677606.88627021352 679017.09983781027 680424.3906735616 681828.77687497484 683230.27635355922 684628.90683749085 686024.68587422895 687417.6308330847 688807.75890774338 690195.08711873961 691579.63231588982 692961.41118067899 694340.44022860634 695716.73581148789 697090.31411971874 698461.19118449592 699829.38288000005 701194.9049255409 702557.7728876645 703918.00218222279 705275.60807640909 706630.60569075635 707983.01000110304 709332.83584052324 710680.09790122556 712024.81073641824 713366.98876214412 714706.64625908271 716043.79737432429 717378.45612311154 718710.63639055449 720040.35193331528 721367.61638126592 722692.44323911809 724014.84588802652 725334.8375871653 726652.43147527985 727967.64057221182 729280.47778040078 730590.95588636072 731899.08756213321 733204.88536671642 734508.3617474729 735809.52904151299 737108.39947705786 738404.98517477978 739699.29814912181 740991.3503095971 742281.15346206713 743568.71930999996 744854.05945570988 746137.1854015768 747418.10855124705 748696.84021081624 749973.39158999315 751247.77380324656 752519.99787093408 753790.07472041412 755058.01518714055 756323.83001574187 757587.52986108314 758849.12528931233 760108.62677889073 761366.04472160945 762621.38942358841 763874.67110626283 765125.8999073538 766375.08588182507 767622.23900282581 768867.3691626197 770110.48617350019 771351.59976869274 772590.71960324398 773827.85525489773 775063.0162249594 776296.21193914663 777527.45174842875 778756.74492985406 779984.10068736575 781209.5281526047 782433.03638570383 783654.63437606802 784874.33104314574 786092.13523718854 787308.0557400001 788522.10126567516 789734.28046132857 790944.60190781322 792153.07412042911 793359.70554962184 794564.50458167295 795767.47953937901 796968.63868272305 798167.9902095357 799365.54225614842 800561.30289803725 801755.28015045822 802947.481969074 804137.91625057266 805326.59083327791 806513.51349775074 807698.69196738419 808882.13390898926 810063.84693337395 811243.83859591407 812422.11639711668 813598.68778317666 814773.5601465255 815946.74082637299 817118.23710924305 818288.05622950033 819456.20536987251 820622.69166196429 821787.5221867658 822950.7039751535 824112.24400838593 825272.14921859209 826430.42648925434 827587.08265568502 828742.12450549682 829895.55877906771 831047.39217000001 832197.63132557319 833346.28284719156 834493.35329082643 835638.84916745266 836782.7769434799 837925.14304117777 839065.95383909775 840205.21567248774 841342.93483370286 842479.11757261085 843613.77009699284 844746.89857293852 845878.50912523794 847008.60783776687 848137.20075386902 849264.2938767327 850389.89316976373 851514.00455695309 852636.63392324152 853757.78711487737 854877.4699397739 855995.68816785852 857112.44753142074 858227.75372545444 859341.6124079969 860454.0292004639 861565.00968798017 862674.55941970728 863782.68390916637 864889.38863455807 865994.67903907842 867098.56053123111 868201.0384851367 869302.11824083724 870401.8051045984 871500.10434920772 872597.02121426968 873692.5609064973 874786.72860000003 875879.52943656978 876970.96852596186 878061.05094617454 879149.78174372367 880237.16593391669 881323.20850112103 882407.91439903073 883491.2885509308 884573.33584995684 885654.06115935417 886733.46931273222 887811.56511431572 888888.35333919607 889963.83873357705 891038.02601501858 892110.91987267917 893182.52496755356 894252.84593270998 895321.88737352332 896389.65386790619 897456.14996653819 898521.38019309146 899585.34904445556 900648.06099095743 901709.52047658246 902769.73191918933 903828.69971072604 904886.42821744119 905942.92178009485 906998.18471416563 908052.2213100571 909105.03583329986 910156.63252475497 911207.01560081216 912256.18925358669 913304.15765111474 914350.92493754765 915396.49523334182 916440.87263544858 917484.06121750106 918526.06503000006 919566.88810049731 920606.53443377698 921645.00801203598 922682.31279506092 923718.45272040518 924753.43170356296 925787.25363814179 926819.92239603354 927851.44182758383 928881.81576175941 929911.04800631339 930939.14234794991 931966.1025524874 932991.93236501794 934016.63551006769 935040.21569175494 936062.67659394478 937084.02188040584 938104.25519496168 939123.38016164338 940141.40038483962 941158.31944944512 942174.14092100854 943188.86834587774 944202.50525134394 945215.05514578568 946226.52151881007 947236.90784139326 948246.21756601846 949254.45412681508 950261.62093969376 951267.72140248248 952272.75889505935 953276.7367794856 954279.65840013651 955281.52708383196 956282.34613996453 957282.11886062683 958280.84852073924 959278.5383781736 960275.19167387718 961270.81163199712 962265.40146000008 963258.96434879431 964251.50347284845 965243.02199030959 966233.52304312121 967223.00975713891 968211.48524224572 969198.95259246556 970185.4148860767 971170.87518572411 972155.33653852995 973138.80197620275 974121.27451514779 975102.75715657393 976083.25288660161 977062.76467636717 978041.29548212979 979018.84824537439 979995.42589291523 980971.03133699764 981945.66747540038 982919.33719153493 983892.04335454572 984863.78881940816 985834.57642702723 986804.40900433413 987773.28936438146 988741.22030643933 989708.20461608947 990674.24506531912 991639.34441261296 992603.50540304545 993566.73076837172 994529.02322711865 995490.38548467343 996450.82023337239 997410.33015258936 998368.91790882288 999326.58615578245 1000283.3375344744 1001239.1746732866 1002194.1001880727 1003148.1166822363 1004101.2267468128 1005053.432960552 1006004.73789 1006955.1440895788 1007904.6541016671 1008853.2704566794 1009800.9956731448 1010747.8322577849 1011693.7827055914 1012638.8494999019 1013583.0351124773 1014526.3420035766 1015468.7726220314 1016410.3294053203 1017351.0147796426 1018290.8311599909 1019229.7809502241 1020167.8665431384 1021105.0903205386 1022041.4546533091 1022976.9619014831 1023911.6144143133 1024845.414530339 1025778.3645774554 1026710.4668729814 1027641.7237237268 1028572.1374260578 1029501.7102659645 1030430.4445191254 1031358.3424509735 1032285.4063167588 1033211.6383616151 1034137.0408206204 1035061.6159188622 1035985.3658714987 1036908.2928838208 1037830.3991513143 1038751.6868597196 1039672.1581850934 1040591.8152938675 1041510.6603429094 1042428.6954795803 1043345.922841795 1044262.3445580777 1045177.9627476224 1046092.7795203478 1047006.7969769554 1047920.0172089854 1048832.4422988722 1049744.0743199999 1050654.9153367581 1051564.9674045951 1052474.2325700729 1053382.7128709208 1054290.4103360884 1055197.3269857985 1056103.4648316 1057008.8258764199 1057913.4121146137 1058817.2255320183 1059720.2681060024 1060622.5418055165 1061524.048591143 1062424.7904151464 1063324.7692215228 1064223.9869460475 1065122.4455163255 1066020.1468518383 1066917.0928639916 1067813.2854561645 1068708.7265237544 1069603.4179542256 1070497.3616271543 1071390.5594142759 1072283.0131795297 1073174.7247791055 1074065.6960614864 1074955.9288674966 1075845.4250303428 1076734.1863756606 1077622.2147215565 1078509.5118786523 1079396.079650128 1080281.9198317642 1081167.0342119848 1082051.424571899 1082935.0926853432 1083818.0403189226 1084700.2692320519 1085581.7811769978 1086462.5778989166 1087342.661135898 1088222.0326190025 1089100.6940723017 1089978.6472129198 1090855.8937510687 1091732.4353900913 1092608.2738264967 1093483.41075 1094357.8478435609 1095231.5867834196 1096104.6292391359 1096976.9768736262 1097848.6313431999 1098719.594297596 1099589.8673800202 1100459.4522271811 1101328.3504693247 1102196.5637302725 1103064.0936274545 1103930.9417719455 1104797.1097684999 1105662.5992155869 1106527.4117054236 1107391.5488240106 1108255.0121511645 1109117.8032605527 1109979.9237197272 1110841.3750901558 1111702.1589272572 1112562.2767804333 1113421.7301931006 1114280.5207027243 1115138.6498408488 1115996.1191331302 1116852.9300993686 1117709.0842535377 1118564.5831038181 1119419.4281526273 1120273.6208966505 1121127.1628268706 1121980.0554286004 1122832.3001815106 1123683.8985596611 1124534.8520315301 1125385.1620600442 1126234.8301026074 1127083.85761113 1127932.2460320578 1128779.9968064013 1129627.1113697635 1130473.5911523686 1131319.4375790902 1132164.6520694797 1133009.2360377926 1133853.1908930182 1134696.5180389057 1135539.2188739907 1136381.2947916249 1137222.7471800002 1138063.577422177 1138903.78689611 1139743.3769746753 1140582.3490256954 1141420.7044119665 1142258.4444912837 1143095.5706164658 1143932.0841353827 1144767.986390979 1145603.2787213004 1146437.9624595176 1147272.0389339519 1148105.5094680993 1148938.3753806558 1149770.6379855408 1150602.2985919216 1151433.3585042388 1152263.8190222271 1153093.6814409418 1153922.9470507815 1154751.6171375113 1155579.692982286 1156407.1758616734 1157234.0670476772 1158060.3678077601 1158886.0794048659 1159711.2030974426 1160535.7401394644 1161359.691780454 1162183.0592655048 1163005.8438353029 1163828.0467261483 1164649.6691699775 1165470.7123943849 1166291.1776226431 1167111.0660737255 1167930.3789623273 1168749.1174988847 1169567.2828895987 1170384.8763364532 1171201.8990372377 1172018.3521855657 1172834.2369708966 1173649.5545785557 1174464.3061897533 1175278.4929816064 1176092.1161271562 1176905.1767953904 1177717.6761512607 1178529.6153557035 1179340.9955656587 1180151.8179340893 1180962.0836100001 1181771.7937384567 1182580.9494606052 1183389.5519136896 1184197.6022310718 1185005.1015422493 1185812.0509728736 1186618.4516447694 1187424.3046759514 1188229.6111806436 1189034.3722692966 1189838.5890486056 1190642.2626215287 1191445.3940873037 1192247.9845414658 1193050.0350758655 1193851.5467786859 1194652.5207344592 1195452.9580240846 1196252.8597248455 1197052.2269104249 1197851.0606509242 1198649.3620128785 1199447.132059274 1200244.3718495639 1201041.0824396852 1201837.2648820754 1202632.9202256873 1203428.0495160071 1204222.6537950686 1205016.7341014708 1205810.2914703919 1206603.3269336068 1207395.8415195013 1208187.8362530891 1208979.3121560263 1209770.2702466263 1210560.7115398764 1211350.6370474522 1212140.0477777331 1212928.9447358167 1213717.3289235341 1214505.2013394653 1215292.5629789529 1216079.4148341171 1216865.7578938713 1217651.5931439346 1218436.9215668486 1219221.7441419899 1220006.0618455845 1220789.8756507235 1221573.1865273754 1222355.9954424009 1223138.3033595667 1223920.1112395597 1224701.42004 1225482.2307154557 1226262.5442174552 1227042.3614945016 1227821.6834920857 1228600.5111527003 1229378.8454158518 1230156.6872180754 1230934.0374929465 1231710.8971710948 1232487.267180217 1233263.1484450903 1234038.5418875837 1234813.4484266723 1235587.8689784498 1236361.8044561404 1237135.2557701119 1237908.2238278883 1238680.7095341615 1239452.7137908046 1240224.2374968841 1240995.2815486705 1241765.8468396531 1242535.93426055 1243305.5446993203 1244074.6790411782 1244843.3381686017 1245611.522961346 1246379.2342964564 1247146.4730482774 1247913.2400884666 1248679.5362860046 1249445.3625072078 1250210.7196157393 1250975.6084726199 1251740.0299362396 1252503.9848623695 1253267.4741041721 1254030.4985122124 1254793.0589344704 1255555.1562163495 1256316.79120069 1257077.9647277789 1257838.6776353603 1258598.9307586465 1259358.7249303295 1260118.0609805901 1260876.9397371095 1261635.3620250805 1262393.3286672153 1263150.8404837598 1263907.8982925003 1264664.5029087763 1265420.6551454891 1266176.3558131133 1266931.605719706 1267686.4056709174 1268440.7564699999 1269194.6589178205 1269948.1138128673 1270701.121951262 1271453.6841267685 1272205.8011308035 1272957.4737524451 1273708.7027784425 1274459.4889932279 1275209.833178923 1275959.7361153499 1276709.1985800406 1277458.2213482468 1278206.8051929483 1278954.9508848621 1279702.6591924536 1280449.9308819436 1281196.7667173182 1281943.1674603391 1282689.1338705509 1283434.6667052906 1284179.7667196977 1284924.4346667214 1285668.6712971311 1286412.4773595238 1287155.8536003339 1287898.8007638415 1288641.3195921809 1289383.4108253503 1290125.0752012189 1290866.3134555365 1291607.1263219418 1292347.5145319703 1293087.4788150638 1293827.0198985778 1294566.1385077902 1295304.8353659103 1296043.1111940856 1296780.966711411 1297518.4026349369 1298255.4196796773 1298992.0185586174 1299728.1999827228 1300463.9646609456 1301199.3133002345 1301934.2466055413 1302668.7652798295 1303402.8700240813 1304136.5615373065 1304869.8405165495 1305602.7076568976 1306335.1636514878 1307067.2091915149 1307798.8449662402 1308530.0716629974 1309260.8899672006 1309991.3005623519 1310721.3041300501 1311450.9013499958 1312180.0929 1312908.8794559923 1313637.2616920266 1314365.2402802894 1315092.8158911066 1315819.9891929505 1316546.7608524482 1317273.1315343869 1317999.1019017224 1318724.6726155856 1319449.8443352897 1320174.6177183369 1320898.9934204256 1321622.9720954574 1322346.5543955439 1323069.7409710132 1323792.532470417 1324514.9295405382 1325236.9328263961 1325958.5429712539 1326679.7606166259 1327400.5864022828 1328121.02096626 1328841.0649448631 1329560.7189726741 1330279.9836825596 1330998.8597056752 1331717.3476714734 1332435.4482077099 1333153.1619404492 1333870.4894940718 1334587.4314912797 1335303.988553104 1336020.1612989097 1336735.9503464031 1337451.3563116372 1338166.3798090187 1338881.0214513133 1339595.2818496518 1340309.1616135379 1341022.6613508521 1341735.7816678584 1342448.5231692106 1343160.8864579597 1343872.8721355561 1344584.4808018592 1345295.7130551417 1346006.5694920954 1346717.0507078373 1347427.1572959158 1348136.8898483154 1348846.248955464 1349555.2352062373 1350263.8491879648 1350972.0914864363 1351679.9626859061 1352387.4633691001 1353094.5941172207 1353801.3555099517 1354507.7481254656 1355213.772540427 1355919.4293300002 1356624.7190678525 1357329.6423261617 1358034.1996756205 1358738.3916854414 1359442.2189233629 1360145.6819556549 1360848.7813471232 1361551.5176611156 1362253.8914595267 1362955.9033028034 1363657.5537499497 1364358.843358533 1365059.7726846875 1365760.3422831208 1366460.5527071184 1367160.4045085495 1367859.8982378705 1368559.0344441317 1369257.8136749817 1369956.2364766721 1370654.3033940631 1371352.0149706276 1372049.3717484579 1372746.3742682673 1373443.0230693994 1374139.3186898292 1374835.2616661694 1375530.852533676 1376226.0918262517 1376920.9800764511 1377615.5178154868 1378309.7055732314 1379003.5438782254 1379697.0332576793 1380390.1742374792 1381082.9673421923 1381775.4130950703 1382467.512018054 1383159.2646317796


